model_type,data_profile,median_val_mse,std_val_mse,cv_val_mse,median_test_mse,std_test_mse,cv_test_mse,leakage_rate,lambda_reg,window_size,n_layers,lag,base_seed,reservoir_size,spectral_radius,sparsity
QRC,Mackey_Glass_(tau=17),0.03862032660581593,1.4793771510285994e-17,3.830566131995933e-16,0.03763878312996137,1.494097684251336e-17,3.969569576923964e-16,0.1,1e-08,1,1.0,0.0,2025,,,
QRC,Mackey_Glass_(tau=17),0.038620326605815936,1.2199256507632491e-17,3.158765753626582e-16,0.03763878312996137,1.6996749443881478e-17,4.51575423817346e-16,0.1,1e-08,1,2.0,0.0,2025,,,
QRC,Mackey_Glass_(tau=17),0.038620326605815936,1.0667940347566898e-17,2.762260520593419e-16,0.03763878312996137,1.371917930959256e-17,3.6449582501703586e-16,0.1,1e-08,1,4.0,0.0,2025,,,
QRC,Mackey_Glass_(tau=17),0.0006929204163297134,0.007824786757535852,11.292475402849973,0.0006277135923883639,0.007638623547166843,12.168963106411208,0.1,1e-08,2,1.0,0.0,2025,,,
QRC,Mackey_Glass_(tau=17),0.0002894140142716813,6.484382106471734e-05,0.2240521117399884,0.00029119842469051827,5.5759346267362066e-05,0.1914823073875566,0.1,1e-08,2,2.0,0.0,2025,,,
QRC,Mackey_Glass_(tau=17),0.0002943418277508191,0.00011718911156283794,0.3981395116634483,0.0002975430089939361,9.198874697976914e-05,0.30916117737333176,0.1,1e-08,2,4.0,0.0,2025,,,
QRC,Mackey_Glass_(tau=17),4.461231388564219e-05,0.00012304782461614492,2.7581583177138462,4.444141780558514e-05,0.000125189806585051,2.816962481546164,0.1,1e-08,4,1.0,0.0,2025,,,
QRC,Mackey_Glass_(tau=17),3.393894321625553e-05,3.778048942912015e-05,1.1131899183892284,4.139746428194634e-05,3.717799902544491e-05,0.8980743064897924,0.1,1e-08,4,2.0,0.0,2025,,,
QRC,Mackey_Glass_(tau=17),3.3182482818312696e-05,1.9809231282233863e-05,0.596978574228375,3.084129391816524e-05,2.0573687409849912e-05,0.6670824986928384,0.1,1e-08,4,4.0,0.0,2025,,,
QRC,Mackey_Glass_(tau=17),1.2101562112967892e-05,3.102561976986139e-05,2.5637698241134257,1.4955473990822942e-05,3.2324284574268634e-05,2.161368111375382,0.1,1e-08,6,1.0,0.0,2025,,,
QRC,Mackey_Glass_(tau=17),7.057690614063952e-06,6.218175093078237e-06,0.8810495434139886,6.908192351596049e-06,6.030112632170617e-06,0.8728929834701892,0.1,1e-08,6,2.0,0.0,2025,,,
QRC,Mackey_Glass_(tau=17),1.2644563687261227e-05,7.298539343656332e-06,0.577207685782725,1.3370275440611336e-05,8.100362565333329e-06,0.6058485931209022,0.1,1e-08,6,4.0,0.0,2025,,,
QRC,Mackey_Glass_(tau=17),2.4540874752208584e-05,3.155353341776726e-05,1.2857542258116763,2.4566827172501618e-05,3.328650437560105e-05,1.3549370515725216,0.1,1e-08,8,1.0,0.0,2025,,,
QRC,Mackey_Glass_(tau=17),6.2859778166035275e-06,6.796143696315463e-06,1.0811593509548194,5.9499591078609715e-06,7.534249973750238e-06,1.2662692023876487,0.1,1e-08,8,2.0,0.0,2025,,,
QRC,Mackey_Glass_(tau=17),1.0154369787558362e-05,2.8154890096963854e-06,0.2772687097869985,9.922886363509673e-06,2.757750777091499e-06,0.27791820606077133,0.1,1e-08,8,4.0,0.0,2025,,,
QRC,Mackey_Glass_(tau=17),3.2718427184166995e-05,2.7715720319858568e-05,0.847098186103233,3.7011032417464805e-05,2.7188645266565723e-05,0.734609209489004,0.1,1e-08,10,1.0,0.0,2025,,,
QRC,Mackey_Glass_(tau=17),5.6770505578588435e-06,7.992864998274482e-06,1.4079256326526484,5.419615651430277e-06,7.803069053962152e-06,1.4397827366047375,0.1,1e-08,10,2.0,0.0,2025,,,
QRC,Mackey_Glass_(tau=17),8.12572119096731e-06,1.8816865620303734e-06,0.23157163749626167,8.569214255364568e-06,1.9335538790580655e-06,0.22563957691308822,0.1,1e-08,10,4.0,0.0,2025,,,
QRC,Mackey_Glass_(tau=17),0.011298208115847554,5.633300360116588e-18,4.986012208621806e-16,0.01082193144359869,7.41535491187108e-18,6.852154766012084e-16,0.3,1e-08,1,1.0,0.0,2025,,,
QRC,Mackey_Glass_(tau=17),0.011298208115847556,4.376056627389902e-18,3.8732306773954515e-16,0.010821931443598692,4.376056627389902e-18,4.043692801231331e-16,0.3,1e-08,1,2.0,0.0,2025,,,
QRC,Mackey_Glass_(tau=17),0.01129820811584756,7.036767480992023e-18,6.228215491199725e-16,0.010821931443598694,6.511780641870853e-18,6.017207441951271e-16,0.3,1e-08,1,4.0,0.0,2025,,,
QRC,Mackey_Glass_(tau=17),0.0009038730543706762,0.0035108481132920867,3.8842269899687665,0.0007598349640573716,0.003411136698717323,4.489312627182241,0.3,1e-08,2,1.0,0.0,2025,,,
QRC,Mackey_Glass_(tau=17),0.00020784196195129635,4.0418908501307534e-05,0.19446943303383032,0.00020630356994673712,3.471426391267078e-05,0.16826787787352984,0.3,1e-08,2,2.0,0.0,2025,,,
QRC,Mackey_Glass_(tau=17),0.0002556804733753885,6.504986060242669e-05,0.254418570740523,0.00023951932057724384,5.040518489322548e-05,0.21044308564231273,0.3,1e-08,2,4.0,0.0,2025,,,
QRC,Mackey_Glass_(tau=17),6.509019396335453e-05,0.00012315785250147302,1.8921107005889441,5.846016222652231e-05,0.00011900107541633893,2.035592630674403,0.3,1e-08,4,1.0,0.0,2025,,,
QRC,Mackey_Glass_(tau=17),5.2382053848473655e-05,4.9887637314391e-05,0.9523803220603321,4.731270736951595e-05,4.3295031528846616e-05,0.9150825208692672,0.3,1e-08,4,2.0,0.0,2025,,,
QRC,Mackey_Glass_(tau=17),4.040919356947639e-05,2.5122547159391445e-05,0.6217037495736635,4.456552955969128e-05,2.3153677512725915e-05,0.5195422951659032,0.3,1e-08,4,4.0,0.0,2025,,,
QRC,Mackey_Glass_(tau=17),3.26807567805866e-05,4.673407776717362e-05,1.4300182239027932,2.99508511370341e-05,4.675636733750514e-05,1.561103126037413,0.3,1e-08,6,1.0,0.0,2025,,,
QRC,Mackey_Glass_(tau=17),1.4470599983144793e-05,1.2970110471577576e-05,0.8963077195613884,1.2796722098913925e-05,1.2736501160278104e-05,0.9952940340369717,0.3,1e-08,6,2.0,0.0,2025,,,
QRC,Mackey_Glass_(tau=17),2.053624318539074e-05,2.1475694863227633e-05,1.045746033943794,1.937576069362317e-05,2.1738211789910687e-05,1.121928172712467,0.3,1e-08,6,4.0,0.0,2025,,,
QRC,Mackey_Glass_(tau=17),5.0933436847360405e-05,6.603875834908186e-05,1.2965698456004404,5.7537308288611593e-05,6.0345358635683365e-05,1.0488039922372867,0.3,1e-08,8,1.0,0.0,2025,,,
QRC,Mackey_Glass_(tau=17),1.3022143308901426e-05,6.8912943479024496e-06,0.5291981653428611,1.1690082016221675e-05,6.620455882078245e-06,0.566331003742438,0.3,1e-08,8,2.0,0.0,2025,,,
QRC,Mackey_Glass_(tau=17),1.8816247479334982e-05,6.581631584734986e-06,0.3497844930007053,1.568938678265784e-05,5.878742520893403e-06,0.37469549335041136,0.3,1e-08,8,4.0,0.0,2025,,,
QRC,Mackey_Glass_(tau=17),4.696650232826602e-05,4.440126634677649e-05,0.945381583589935,4.0761288427831266e-05,4.042439747481151e-05,0.9917350268842403,0.3,1e-08,10,1.0,0.0,2025,,,
QRC,Mackey_Glass_(tau=17),6.528195934605007e-06,1.1325476533536388e-05,1.7348554864142025,6.4648145002123546e-06,9.523159573128084e-06,1.4730754568155466,0.3,1e-08,10,2.0,0.0,2025,,,
QRC,Mackey_Glass_(tau=17),9.773572020255239e-06,4.146885311920288e-06,0.4242957746999844,9.96743670662218e-06,4.332247059332948e-06,0.4346400370372739,0.3,1e-08,10,4.0,0.0,2025,,,
QRC,Mackey_Glass_(tau=17),0.005048573037474794,2.4110897702968717e-18,4.77578466707269e-16,0.004794925760092356,2.480990905544941e-18,5.174200873335637e-16,0.5,1e-08,1,1.0,0.0,2025,,,
QRC,Mackey_Glass_(tau=17),0.00504857303747479,3.528089645116746e-18,6.98829078816583e-16,0.004794925760092351,4.445829865555221e-18,9.271947237551376e-16,0.5,1e-08,1,2.0,0.0,2025,,,
QRC,Mackey_Glass_(tau=17),0.00504857303747479,4.376056627389902e-18,8.66790793142359e-16,0.004794925760092351,4.982613841084488e-18,1.0391430629759158e-15,0.5,1e-08,1,4.0,0.0,2025,,,
QRC,Mackey_Glass_(tau=17),0.0007833052195092617,0.0016982915794160674,2.168109616938391,0.0006518085214149166,0.0016419365128916307,2.5190473259345993,0.5,1e-08,2,1.0,0.0,2025,,,
QRC,Mackey_Glass_(tau=17),0.0001234825783548814,2.3205649020122356e-05,0.18792650209676326,0.00012245688854103576,2.0814617636850533e-05,0.16997506538699517,0.5,1e-08,2,2.0,0.0,2025,,,
QRC,Mackey_Glass_(tau=17),0.00015319990193822769,3.809353090934709e-05,0.24865244969090727,0.0001426449360484019,2.9428923173934975e-05,0.20630892332518017,0.5,1e-08,2,4.0,0.0,2025,,,
QRC,Mackey_Glass_(tau=17),4.709980161446762e-05,8.109450149095193e-05,1.7217588760722546,4.5736988456826776e-05,7.63483783223527e-05,1.6692917679619725,0.5,1e-08,4,1.0,0.0,2025,,,
QRC,Mackey_Glass_(tau=17),3.8378371481218634e-05,3.0516436368921195e-05,0.7951467243432968,3.671612333404021e-05,2.5772138864799688e-05,0.7019297388868353,0.5,1e-08,4,2.0,0.0,2025,,,
QRC,Mackey_Glass_(tau=17),2.6531032793689944e-05,1.651753675399576e-05,0.6225742089438839,2.728906059596557e-05,1.4426225707478537e-05,0.5286450098473275,0.5,1e-08,4,4.0,0.0,2025,,,
QRC,Mackey_Glass_(tau=17),2.169267744437339e-05,3.989412210043281e-05,1.8390593877926524,1.9336479519634218e-05,3.892907147933458e-05,2.013245039760526,0.5,1e-08,6,1.0,0.0,2025,,,
QRC,Mackey_Glass_(tau=17),1.0810917628953946e-05,1.0459199676586071e-05,0.9674664108598979,9.648414908592417e-06,9.866314785386263e-06,1.0225840077212884,0.5,1e-08,6,2.0,0.0,2025,,,
QRC,Mackey_Glass_(tau=17),1.286700543542641e-05,1.5604313813861644e-05,1.2127385732579758,1.1715858210474683e-05,1.5376600797229813e-05,1.3124604720362871,0.5,1e-08,6,4.0,0.0,2025,,,
QRC,Mackey_Glass_(tau=17),4.508399249355487e-05,7.766406822313845e-05,1.7226528514359318,4.868474558884707e-05,7.292348411091607e-05,1.4978713194225202,0.5,1e-08,8,1.0,0.0,2025,,,
QRC,Mackey_Glass_(tau=17),1.0892148268466913e-05,5.925084974535423e-06,0.543977627598838,1.068281014526347e-05,5.542079054027513e-06,0.518784755945958,0.5,1e-08,8,2.0,0.0,2025,,,
QRC,Mackey_Glass_(tau=17),1.4823647700498182e-05,4.855231960640077e-06,0.32753287576288703,1.2851950465138432e-05,4.364440395409623e-06,0.33959362100316126,0.5,1e-08,8,4.0,0.0,2025,,,
QRC,Mackey_Glass_(tau=17),3.708421430581713e-05,5.479943821012034e-05,1.4777025544673426,3.1181770736615106e-05,4.964540379294941e-05,1.5921290747819346,0.5,1e-08,10,1.0,0.0,2025,,,
QRC,Mackey_Glass_(tau=17),5.144617880329332e-06,1.2062661310979792e-05,2.3447147274245377,5.009385302246643e-06,1.0143112310866888e-05,2.0248217493507306,0.5,1e-08,10,2.0,0.0,2025,,,
QRC,Mackey_Glass_(tau=17),8.665704138861235e-06,4.19914878299316e-06,0.48457098415835975,9.66351442730821e-06,4.401508309441447e-06,0.45547697398817827,0.5,1e-08,10,4.0,0.0,2025,,,
QRC,Mackey_Glass_(tau=17),0.0028843974364268143,7.65363243141181e-18,2.6534597260262145e-15,0.002725045592926369,6.95612118962554e-18,2.5526623142314135e-15,0.7,1e-08,1,1.0,0.0,2025,,,
QRC,Mackey_Glass_(tau=17),0.0028843974364268143,5.0014517677868574e-18,1.7339676234016647e-15,0.0027250455929263696,4.297202301520155e-18,1.576928588892151e-15,0.7,1e-08,1,2.0,0.0,2025,,,
QRC,Mackey_Glass_(tau=17),0.0028843974364268143,4.283253544054081e-18,1.4849734263251068e-15,0.0027250455929263688,3.856857100547289e-18,1.4153367233777149e-15,0.7,1e-08,1,4.0,0.0,2025,,,
QRC,Mackey_Glass_(tau=17),0.00069562378524549,0.001021884149583651,1.469018413772355,0.0005774506402382795,0.0009881472457396272,1.7112237425728332,0.7,1e-08,2,1.0,0.0,2025,,,
QRC,Mackey_Glass_(tau=17),7.587333962755259e-05,1.613280297985803e-05,0.21262808595286317,7.541903037447152e-05,1.4394548318544023e-05,0.1908609570697479,0.7,1e-08,2,2.0,0.0,2025,,,
QRC,Mackey_Glass_(tau=17),9.489721597394777e-05,2.6856517132580144e-05,0.28300637544470314,8.813402918543682e-05,2.0891760604643772e-05,0.2370453364918429,0.7,1e-08,2,4.0,0.0,2025,,,
QRC,Mackey_Glass_(tau=17),3.3313141068613914e-05,5.227852945300706e-05,1.5693065191700415,3.1806198000794756e-05,4.863766783009852e-05,1.529188362245723,0.7,1e-08,4,1.0,0.0,2025,,,
QRC,Mackey_Glass_(tau=17),2.567108746612017e-05,1.9860359315157648e-05,0.7736469809223577,2.764055619853432e-05,1.6574262010982915e-05,0.5996356184707234,0.7,1e-08,4,2.0,0.0,2025,,,
QRC,Mackey_Glass_(tau=17),1.757750380917874e-05,1.0953570588462084e-05,0.6231584818512327,1.6735151897959205e-05,9.402715407020402e-06,0.5618542015245784,0.7,1e-08,4,4.0,0.0,2025,,,
QRC,Mackey_Glass_(tau=17),1.4245847360628172e-05,3.152917253274984e-05,2.2132184723450217,1.2511285375528353e-05,3.1071457971752184e-05,2.483474482368286,0.7,1e-08,6,1.0,0.0,2025,,,
QRC,Mackey_Glass_(tau=17),7.650449783111692e-06,7.961218896703224e-06,1.0406210252209684,7.017654914897654e-06,7.405897333033658e-06,1.0553236690666865,0.7,1e-08,6,2.0,0.0,2025,,,
QRC,Mackey_Glass_(tau=17),9.982645267521707e-06,1.0511635916436388e-05,1.0529910294053761,8.922312185152267e-06,1.0018108937741065e-05,1.122815334170029,0.7,1e-08,6,4.0,0.0,2025,,,
QRC,Mackey_Glass_(tau=17),3.693170795313742e-05,7.340016435847306e-05,1.987456536037012,3.94885869680992e-05,7.004435301522481e-05,1.7737872735686908,0.7,1e-08,8,1.0,0.0,2025,,,
QRC,Mackey_Glass_(tau=17),8.120187133032789e-06,4.842630343287504e-06,0.5963693033117135,7.984522023078846e-06,4.430032300522533e-06,0.5548274884479941,0.7,1e-08,8,2.0,0.0,2025,,,
QRC,Mackey_Glass_(tau=17),1.0952173481115173e-05,3.593304344160297e-06,0.32809052471239886,1.0915188450232591e-05,3.2276268402595806e-06,0.29570051446897405,0.7,1e-08,8,4.0,0.0,2025,,,
QRC,Mackey_Glass_(tau=17),2.8478318421814585e-05,5.4042974621977635e-05,1.8976884035603854,2.353658470507416e-05,4.9083452415908235e-05,2.0854109902073654,0.7,1e-08,10,1.0,0.0,2025,,,
QRC,Mackey_Glass_(tau=17),4.149509819779262e-06,1.1079597188157729e-05,2.67009783549497,3.7788239946493928e-06,9.459358531489303e-06,2.503254595843372,0.7,1e-08,10,2.0,0.0,2025,,,
QRC,Mackey_Glass_(tau=17),6.989818291260676e-06,3.2865843523174667e-06,0.4701959643824592,7.697995872916668e-06,3.5559201518514316e-06,0.46192804082449335,0.7,1e-08,10,4.0,0.0,2025,,,
QRC,Mackey_Glass_(tau=17),0.0019094686509580551,3.881713579733271e-18,2.0328763071264163e-15,0.0017955731153560138,2.891534320742281e-18,1.610368464538392e-15,0.9,1e-08,1,1.0,0.0,2025,,,
QRC,Mackey_Glass_(tau=17),0.0019094686509580612,4.296704911356845e-18,2.2502097163003993e-15,0.0017955731153560185,3.271606696999341e-18,1.822040366398926e-15,0.9,1e-08,1,2.0,0.0,2025,,,
QRC,Mackey_Glass_(tau=17),0.0019094686509580551,3.326671759789028e-18,1.7421976308015878e-15,0.0017955731153560142,2.6621724783023306e-18,1.482631063884298e-15,0.9,1e-08,1,4.0,0.0,2025,,,
QRC,Mackey_Glass_(tau=17),0.0006425835365066597,0.0007029755530911789,1.0939831370608002,0.0005310212892080036,0.0006804073977451898,1.281318492446865,0.9,1e-08,2,1.0,0.0,2025,,,
QRC,Mackey_Glass_(tau=17),4.972677348684608e-05,1.309662588733865e-05,0.26337172048379576,4.955128040463113e-05,1.1301988963585841e-05,0.22808671887577586,0.9,1e-08,2,2.0,0.0,2025,,,
QRC,Mackey_Glass_(tau=17),6.277850007164562e-05,2.1002006482667843e-05,0.33454138691907925,5.817751101954193e-05,1.6457590634005553e-05,0.28288578087291183,0.9,1e-08,2,4.0,0.0,2025,,,
QRC,Mackey_Glass_(tau=17),2.3895284388197718e-05,3.572727317266085e-05,1.495159990240884,2.2030561757130702e-05,3.304305651921033e-05,1.4998735340243958,0.9,1e-08,4,1.0,0.0,2025,,,
QRC,Mackey_Glass_(tau=17),1.9521999484769293e-05,1.4126963406251892e-05,0.7236432629389982,1.9003503593006635e-05,1.1705868052648607e-05,0.6159847312027459,0.9,1e-08,4,2.0,0.0,2025,,,
QRC,Mackey_Glass_(tau=17),1.2086541998222601e-05,7.731622533496703e-06,0.639688550673442,1.1691996488077586e-05,6.619404063867713e-06,0.566148310993556,0.9,1e-08,4,4.0,0.0,2025,,,
QRC,Mackey_Glass_(tau=17),9.907576609710623e-06,2.5530094505766603e-05,2.5768253440244937,8.56083513901331e-06,2.543676585569771e-05,2.971294907873843,0.9,1e-08,6,1.0,0.0,2025,,,
QRC,Mackey_Glass_(tau=17),5.856964811357658e-06,6.3078790364792715e-06,1.0769876957852322,5.469576882291117e-06,5.840134853107139e-06,1.0677489280781078,0.9,1e-08,6,2.0,0.0,2025,,,
QRC,Mackey_Glass_(tau=17),7.81035340368269e-06,7.403120056966394e-06,0.9478598053547386,6.94937783476054e-06,6.845690311394256e-06,0.9850795962125355,0.9,1e-08,6,4.0,0.0,2025,,,
QRC,Mackey_Glass_(tau=17),3.0326045916516314e-05,6.67121830183138e-05,2.1998312342454343,3.24101863535521e-05,6.434931004009111e-05,1.9854655983191698,0.9,1e-08,8,1.0,0.0,2025,,,
QRC,Mackey_Glass_(tau=17),6.121195758582818e-06,4.1169033337794775e-06,0.6725652137504299,5.67140700119113e-06,3.6795817101201743e-06,0.6487952124309496,0.9,1e-08,8,2.0,0.0,2025,,,
QRC,Mackey_Glass_(tau=17),8.31550804210531e-06,2.767643088132932e-06,0.3328291036601804,8.894249551574971e-06,2.503712828121069e-06,0.2814979289261923,0.9,1e-08,8,4.0,0.0,2025,,,
QRC,Mackey_Glass_(tau=17),2.255312234641152e-05,4.965557609941647e-05,2.2017162562556347,1.8606580368205494e-05,4.513305200741499e-05,2.425650018126777,0.9,1e-08,10,1.0,0.0,2025,,,
QRC,Mackey_Glass_(tau=17),3.1034785736846725e-06,9.777690015193405e-06,3.150558247155749,2.830750102738037e-06,8.425763960986589e-06,2.976512816456948,0.9,1e-08,10,2.0,0.0,2025,,,
QRC,Mackey_Glass_(tau=17),5.816090048510529e-06,2.5295513560131307e-06,0.43492300409979656,5.956495891060922e-06,2.7945233593993225e-06,0.4691555925679628,0.9,1e-08,10,4.0,0.0,2025,,,
Classical_ESN,Mackey_Glass_(tau=17),3.7538056288804256e-06,6.624471364115334e-06,1.7647347835884317,4.191437233295205e-06,6.0395786398369926e-05,14.40932621359768,0.1,1e-08,10,,,2025,50.0,0.9,0.1
Classical_ESN,Mackey_Glass_(tau=17),5.286470754111552e-07,1.7966199018455149e-07,0.339852424313176,4.756721324805187e-07,2.1206923071959714e-07,0.4458306809223946,0.3,1e-08,10,,,2025,50.0,0.9,0.1
Classical_ESN,Mackey_Glass_(tau=17),2.5344441656147787e-07,5.679163436509345e-08,0.22407924836378287,2.404925037330012e-07,5.345803476148517e-08,0.2222856593519238,0.5,1e-08,10,,,2025,50.0,0.9,0.1
Classical_ESN,Mackey_Glass_(tau=17),1.964838500400184e-07,3.94872761457264e-08,0.2009695765717331,1.7694140480719464e-07,3.7874917397338685e-08,0.21405344576420277,0.7,1e-08,10,,,2025,50.0,0.9,0.1
Classical_ESN,Mackey_Glass_(tau=17),1.35161466014157e-07,2.5887323596591496e-08,0.19152887549976724,1.1723788584781784e-07,2.3652316315184246e-08,0.2017463565138529,0.9,1e-08,10,,,2025,50.0,0.9,0.1
Classical_ESN,Mackey_Glass_(tau=17),3.5724726829098454e-06,1.6228834132597524e-06,0.45427454799679073,3.8102630906240777e-06,3.3098601963914638e-06,0.8686697263860975,0.1,1e-08,10,,,2025,50.0,0.9,0.2
Classical_ESN,Mackey_Glass_(tau=17),4.84479428195853e-07,2.606886574895094e-07,0.5380799314024224,5.077240179676144e-07,2.516088446964879e-07,0.4955622263127543,0.3,1e-08,10,,,2025,50.0,0.9,0.2
Classical_ESN,Mackey_Glass_(tau=17),2.636175632696371e-07,1.0316302506322911e-07,0.3913359329465861,2.6609454602988877e-07,1.0143223616099344e-07,0.38118870782718023,0.5,1e-08,10,,,2025,50.0,0.9,0.2
Classical_ESN,Mackey_Glass_(tau=17),1.449656742733607e-07,5.621516280227144e-08,0.387782577386333,1.302481567081607e-07,6.103184597866987e-08,0.4685812645734426,0.7,1e-08,10,,,2025,50.0,0.9,0.2
Classical_ESN,Mackey_Glass_(tau=17),1.1867047564121968e-07,4.2582264999043864e-08,0.35882779409921817,1.0468575264451391e-07,4.2856889654820716e-08,0.4093860775912055,0.9,1e-08,10,,,2025,50.0,0.9,0.2
Classical_ESN,Mackey_Glass_(tau=17),1.5085389227241748e-05,1.932262341977792e-05,1.280883318866206,2.35134566244737e-05,1.0217603552598854e-05,0.4345428116240461,0.1,1e-08,10,,,2025,50.0,1.1,0.1
Classical_ESN,Mackey_Glass_(tau=17),1.983799872228425e-06,1.7597111346287255e-06,0.8870406532751824,2.37977486170646e-06,1.7230130300884922e-06,0.7240235443335068,0.3,1e-08,10,,,2025,50.0,1.1,0.1
Classical_ESN,Mackey_Glass_(tau=17),9.220563133244922e-07,6.73467350481832e-07,0.730397201070759,8.526316456678737e-07,7.932266605169555e-07,0.9303274920034362,0.5,1e-08,10,,,2025,50.0,1.1,0.1
Classical_ESN,Mackey_Glass_(tau=17),7.587214281230281e-07,4.664867333563768e-07,0.6148326857070591,7.440107751404479e-07,5.035056081704092e-07,0.6767450485853,0.7,1e-08,10,,,2025,50.0,1.1,0.1
Classical_ESN,Mackey_Glass_(tau=17),4.2493604162852484e-07,1.508320140100977e-06,3.5495227336341983,3.864764711327845e-07,1.7329497041613738e-06,4.483972074889837,0.9,1e-08,10,,,2025,50.0,1.1,0.1
Classical_ESN,Mackey_Glass_(tau=17),6.2191275493590015e-06,0.003210838483582306,516.2843916769714,2.4005554765230056e-05,0.0018322916619504684,76.32781995125488,0.1,1e-08,10,,,2025,50.0,1.1,0.2
Classical_ESN,Mackey_Glass_(tau=17),1.4060112704526247e-06,5.428313065857707e-06,3.8607891557727116,1.4907990260447308e-06,6.194939741815229e-06,4.155449281618562,0.3,1e-08,10,,,2025,50.0,1.1,0.2
Classical_ESN,Mackey_Glass_(tau=17),1.1663994747049798e-06,1.5595590533249185e-05,13.370711211263032,1.2689786101643428e-06,1.5639867528645692e-05,12.324768442409132,0.5,1e-08,10,,,2025,50.0,1.1,0.2
Classical_ESN,Mackey_Glass_(tau=17),5.55244400982587e-07,1.5037112118731915e-05,27.0819698354842,5.92299752999201e-07,1.4293266510837877e-05,24.131812377874077,0.7,1e-08,10,,,2025,50.0,1.1,0.2
Classical_ESN,Mackey_Glass_(tau=17),5.763295630718249e-07,1.6634202034678735e-05,28.86230917258309,5.468708100928558e-07,1.6947112069498113e-05,30.989242352541332,0.9,1e-08,10,,,2025,50.0,1.1,0.2
Classical_ESN,Mackey_Glass_(tau=17),3.0128562595457315e-05,3.259353099407717e-05,1.0818150016553234,6.081363839254208e-05,0.00011026957584138603,1.8132376018947258,0.1,1e-08,10,,,2025,50.0,1.25,0.1
Classical_ESN,Mackey_Glass_(tau=17),4.435537361093903e-06,1.8575091446513533e-05,4.1877882958317585,7.579368781663873e-06,1.9657534654166197e-05,2.5935582791171226,0.3,1e-08,10,,,2025,50.0,1.25,0.1
Classical_ESN,Mackey_Glass_(tau=17),3.60235952060954e-06,2.7421282064959162e-05,7.61203369849085,3.943604822259413e-06,3.380117954394187e-05,8.571137592984313,0.5,1e-08,10,,,2025,50.0,1.25,0.1
Classical_ESN,Mackey_Glass_(tau=17),1.930941455562025e-06,5.814231086209616e-05,30.110861566837666,3.313175253889172e-06,8.678634073461609e-05,26.1943103168907,0.7,1e-08,10,,,2025,50.0,1.25,0.1
Classical_ESN,Mackey_Glass_(tau=17),1.2584761068753214e-05,0.000332642960479786,26.43220309567159,1.3171680899099256e-05,0.0003511038775343068,26.655965948758826,0.9,1e-08,10,,,2025,50.0,1.25,0.1
Classical_ESN,Mackey_Glass_(tau=17),2.8701629844186333e-05,0.02637067418967225,918.7866449686575,7.896537227429021e-05,0.038804473351727535,491.4112633691922,0.1,1e-08,10,,,2025,50.0,1.25,0.2
Classical_ESN,Mackey_Glass_(tau=17),5.174052390664916e-06,0.0005091349352177501,98.40158096124753,4.691917773581388e-06,0.0003273435889485272,69.76754596845004,0.3,1e-08,10,,,2025,50.0,1.25,0.2
Classical_ESN,Mackey_Glass_(tau=17),3.2549946332772975e-06,0.0002946421322068841,90.5200055307689,3.3532729670207434e-06,0.0005279350040575593,157.43872009519393,0.5,1e-08,10,,,2025,50.0,1.25,0.2
Classical_ESN,Mackey_Glass_(tau=17),2.916010303410046e-06,0.00030442709101515685,104.39849634932811,2.860754078564382e-06,0.00026775207642410295,93.59492954335644,0.7,1e-08,10,,,2025,50.0,1.25,0.2
Classical_ESN,Mackey_Glass_(tau=17),3.6990864801564364e-06,0.00033977633757459205,91.85412111809366,3.827653265054679e-06,0.00031002441261109747,80.99595003589455,0.9,1e-08,10,,,2025,50.0,1.25,0.2
Classical_ESN,Mackey_Glass_(tau=17),2.469365162713682e-06,1.681454170941443e-05,6.809256874319986,4.429430277972576e-06,4.916469533805617e-05,11.099552821172223,0.1,1e-08,10,,,2025,100.0,0.9,0.1
Classical_ESN,Mackey_Glass_(tau=17),1.4674477134086832e-07,2.1267502131315355e-08,0.1449285172956099,1.376959234589372e-07,2.6594051103562585e-08,0.19313608155940284,0.3,1e-08,10,,,2025,100.0,0.9,0.1
Classical_ESN,Mackey_Glass_(tau=17),7.591253010755963e-08,9.08352592014049e-09,0.11965779440192734,6.652980237431188e-08,8.323535193415566e-09,0.12510987401684218,0.5,1e-08,10,,,2025,100.0,0.9,0.1
Classical_ESN,Mackey_Glass_(tau=17),5.42044719268105e-08,8.677526291926672e-09,0.1600887525229189,4.8933658090949174e-08,8.42360622786045e-09,0.17214339897099357,0.7,1e-08,10,,,2025,100.0,0.9,0.1
Classical_ESN,Mackey_Glass_(tau=17),4.340602579412477e-08,6.920211098062068e-09,0.15942973288742676,3.853946281017607e-08,6.521464574385067e-09,0.16921524325614423,0.9,1e-08,10,,,2025,100.0,0.9,0.1
Classical_ESN,Mackey_Glass_(tau=17),5.483943059093695e-06,2.3705866042622803e-05,4.3227775684710625,1.3524602227725346e-05,8.486069915297561e-05,6.274543067818418,0.1,1e-08,10,,,2025,100.0,0.9,0.2
Classical_ESN,Mackey_Glass_(tau=17),1.3655354161444603e-07,3.036629818726924e-08,0.22237649663461226,1.371322045712126e-07,3.493520799748525e-08,0.2547556797961593,0.3,1e-08,10,,,2025,100.0,0.9,0.2
Classical_ESN,Mackey_Glass_(tau=17),7.603673855214382e-08,8.845126180469628e-09,0.1163270065088851,6.906784268073571e-08,8.077933682077665e-09,0.11695650781243741,0.5,1e-08,10,,,2025,100.0,0.9,0.2
Classical_ESN,Mackey_Glass_(tau=17),5.044885289984149e-08,7.0328683189958895e-09,0.13940591142792835,4.5618852418478195e-08,5.860996123005759e-09,0.12847750025013183,0.7,1e-08,10,,,2025,100.0,0.9,0.2
Classical_ESN,Mackey_Glass_(tau=17),4.059335711404345e-08,7.780503790087593e-09,0.19166938492495103,3.535481384067769e-08,6.577920598939005e-09,0.18605445438297682,0.9,1e-08,10,,,2025,100.0,0.9,0.2
Classical_ESN,Mackey_Glass_(tau=17),3.897362869578145e-05,6.871788385922869e-05,1.7631892682003918,3.663714129829514e-05,0.00042098662715326133,11.490706213283387,0.1,1e-08,10,,,2025,100.0,1.1,0.1
Classical_ESN,Mackey_Glass_(tau=17),4.883743224489339e-07,8.431957765823825e-06,17.265358513408533,5.836914424959786e-07,3.5742718191908795e-06,6.123563854057197,0.3,1e-08,10,,,2025,100.0,1.1,0.1
Classical_ESN,Mackey_Glass_(tau=17),1.78477307362408e-07,1.020760109426052e-06,5.719271119175629,2.211180276920817e-07,3.230165336947159e-06,14.608330992556299,0.5,1e-08,10,,,2025,100.0,1.1,0.1
Classical_ESN,Mackey_Glass_(tau=17),7.954315932123105e-08,1.1255218189083382e-06,14.149825434554026,8.729159866120965e-08,2.7164505519879594e-06,31.119266844119405,0.7,1e-08,10,,,2025,100.0,1.1,0.1
Classical_ESN,Mackey_Glass_(tau=17),7.90532026097685e-08,2.7499991954360365e-06,34.78668927571345,1.0041449919846053e-07,1.6779612339957634e-06,16.710348081101504,0.9,1e-08,10,,,2025,100.0,1.1,0.1
Classical_ESN,Mackey_Glass_(tau=17),2.020430128654575e-05,1.0773999653789344e-05,0.5332527713276509,3.560691072251645e-05,3.3533560148111006e-05,0.9417711187987355,0.1,1e-08,10,,,2025,100.0,1.1,0.2
Classical_ESN,Mackey_Glass_(tau=17),2.49156351181656e-07,2.6721639879397495e-07,1.0724847973036484,3.347726050167567e-07,1.5503771447643097e-06,4.631135049675606,0.3,1e-08,10,,,2025,100.0,1.1,0.2
Classical_ESN,Mackey_Glass_(tau=17),1.0935332834123766e-07,5.475491094571413e-08,0.5007155408644822,1.0529411048693225e-07,1.9970825090144342e-07,1.896670668263337,0.5,1e-08,10,,,2025,100.0,1.1,0.2
Classical_ESN,Mackey_Glass_(tau=17),7.568509479835185e-08,5.384567012326413e-08,0.7114435182610975,7.512639540213735e-08,6.065218359492728e-08,0.8073352018324271,0.7,1e-08,10,,,2025,100.0,1.1,0.2
Classical_ESN,Mackey_Glass_(tau=17),5.075815634608991e-08,6.563670810852139e-08,1.2931263235997663,5.2367424731431477e-08,6.669173742599729e-08,1.2735347932045282,0.9,1e-08,10,,,2025,100.0,1.1,0.2
Classical_ESN,Mackey_Glass_(tau=17),4.116394821636835e-05,0.0009528998216440871,23.148892730974186,0.0001309736514139655,0.002946800270624866,22.499183910746908,0.1,1e-08,10,,,2025,100.0,1.25,0.1
Classical_ESN,Mackey_Glass_(tau=17),2.3259871118855007e-06,8.104169804691014e-05,34.84185171654533,2.173273930390141e-06,5.4215574890535284e-05,24.946498521151742,0.3,1e-08,10,,,2025,100.0,1.25,0.1
Classical_ESN,Mackey_Glass_(tau=17),4.40273837585625e-07,3.2848235568532394e-05,74.6086475377816,6.245012310260119e-07,2.0117400771072023e-05,32.21354862346795,0.5,1e-08,10,,,2025,100.0,1.25,0.1
Classical_ESN,Mackey_Glass_(tau=17),6.67728764753831e-07,3.6834338803483315e-05,55.163624435234404,8.373257492720979e-07,7.68789208858978e-05,91.81482947673591,0.7,1e-08,10,,,2025,100.0,1.25,0.1
Classical_ESN,Mackey_Glass_(tau=17),5.8877526857174996e-06,5.9177572381955e-05,10.05096095926513,7.003996139691091e-06,0.013076380151552635,1866.9884863941923,0.9,1e-08,10,,,2025,100.0,1.25,0.1
Classical_ESN,Mackey_Glass_(tau=17),1.8019659880307055e-05,0.33633117992945055,18664.679697812335,9.926686579970323e-05,0.32927194591059217,3317.0377976371706,0.1,1e-08,10,,,2025,100.0,1.25,0.2
Classical_ESN,Mackey_Glass_(tau=17),7.124439539032853e-07,0.0001569448089064249,220.2907443407545,9.068892497219754e-07,0.00015968096691318132,176.07548767628973,0.3,1e-08,10,,,2025,100.0,1.25,0.2
Classical_ESN,Mackey_Glass_(tau=17),3.249658543308457e-07,0.0002358803580572411,725.8619787699073,3.572391946192213e-07,0.0002156394339551936,603.6275895903364,0.5,1e-08,10,,,2025,100.0,1.25,0.2
Classical_ESN,Mackey_Glass_(tau=17),2.4708846219084113e-07,2.237548626749497e-05,90.55658070433516,2.4781936704513636e-07,9.868619569993224e-05,398.2182541930152,0.7,1e-08,10,,,2025,100.0,1.25,0.2
Classical_ESN,Mackey_Glass_(tau=17),1.3698344710827118e-07,5.2050752569071274e-05,379.9784110260458,1.3979065875221588e-07,6.468930900759298e-05,462.7584531399711,0.9,1e-08,10,,,2025,100.0,1.25,0.2
Classical_ESN,Mackey_Glass_(tau=17),1.171548407942543e-05,3.244155712518624e-05,2.7691179387251825,4.028709129418219e-05,0.00028046389424131257,6.961631759248253,0.1,1e-08,10,,,2025,150.0,0.9,0.1
Classical_ESN,Mackey_Glass_(tau=17),9.639560975064361e-08,1.4209584284907636e-08,0.14740903991027207,9.468127635167426e-08,1.7274388193378285e-08,0.18244777488229139,0.3,1e-08,10,,,2025,150.0,0.9,0.1
Classical_ESN,Mackey_Glass_(tau=17),4.646124646798659e-08,7.70080948552865e-09,0.16574694118107172,4.0318421357669697e-08,7.799641900307649e-09,0.19345107366967723,0.5,1e-08,10,,,2025,150.0,0.9,0.1
Classical_ESN,Mackey_Glass_(tau=17),3.864619428664921e-08,5.06834136904581e-09,0.13114723099129919,3.428690117412781e-08,4.795722272593767e-09,0.1398703909763802,0.7,1e-08,10,,,2025,150.0,0.9,0.1
Classical_ESN,Mackey_Glass_(tau=17),2.8875940787241925e-08,2.229120477373002e-09,0.07719646240436538,2.6235408768487325e-08,1.8515461595555033e-09,0.07057432098330745,0.9,1e-08,10,,,2025,150.0,0.9,0.1
Classical_ESN,Mackey_Glass_(tau=17),1.4137546142740228e-05,0.00013038002785423783,9.222253037256348,9.91093347464704e-06,3.5768491506882503e-05,3.608993199115014,0.1,1e-08,10,,,2025,150.0,0.9,0.2
Classical_ESN,Mackey_Glass_(tau=17),9.540124176695899e-08,2.137934954205798e-08,0.22409927948613398,8.90407452817328e-08,1.5807723167804443e-08,0.17753359001867522,0.3,1e-08,10,,,2025,150.0,0.9,0.2
Classical_ESN,Mackey_Glass_(tau=17),4.957937474951266e-08,7.465558305009624e-09,0.15057790346746974,4.294807133403266e-08,7.2440960431469925e-09,0.168671044313151,0.5,1e-08,10,,,2025,150.0,0.9,0.2
Classical_ESN,Mackey_Glass_(tau=17),3.826002653788237e-08,5.497850559130384e-09,0.14369698760367566,3.4311159135134746e-08,4.877355002528019e-09,0.14215069165452912,0.7,1e-08,10,,,2025,150.0,0.9,0.2
Classical_ESN,Mackey_Glass_(tau=17),2.7385888288959336e-08,3.892591386981058e-09,0.14213858414628686,2.4476423221991503e-08,3.1372787862013934e-09,0.12817554091737637,0.9,1e-08,10,,,2025,150.0,0.9,0.2
Classical_ESN,Mackey_Glass_(tau=17),6.336024725459371e-05,9.0133675394374e-05,1.4225587698892568,0.00016097369578241906,0.0004698606260886542,2.918865866903769,0.1,1e-08,10,,,2025,150.0,1.1,0.1
Classical_ESN,Mackey_Glass_(tau=17),5.872403691821378e-07,9.512278453179737e-07,1.6198270678202336,4.89871469483005e-07,2.021005699344016e-06,4.1255835974218344,0.3,1e-08,10,,,2025,150.0,1.1,0.1
Classical_ESN,Mackey_Glass_(tau=17),7.79086188207462e-08,3.1492136681924544e-07,4.042189061826692,9.397388434895823e-08,2.3237893968047393e-07,2.4728033888390613,0.5,1e-08,10,,,2025,150.0,1.1,0.1
Classical_ESN,Mackey_Glass_(tau=17),4.3394277155354297e-08,1.229270223993164e-07,2.832793410965915,4.6744941557581504e-08,1.7908816229511554e-07,3.83117737080729,0.7,1e-08,10,,,2025,150.0,1.1,0.1
Classical_ESN,Mackey_Glass_(tau=17),3.070001633197693e-08,1.1353315874176773e-06,36.981465258542016,3.06554036678943e-08,1.2517485981384155e-06,40.832885833089975,0.9,1e-08,10,,,2025,150.0,1.1,0.1
Classical_ESN,Mackey_Glass_(tau=17),8.460801587089112e-05,9.2636475577118e-05,1.0948900600444056,0.0003187900027256823,0.00021391685569326394,0.6710274910262436,0.1,1e-08,10,,,2025,150.0,1.1,0.2
Classical_ESN,Mackey_Glass_(tau=17),4.3631054951568456e-07,1.6431842440146833e-06,3.7660887316125136,3.5296854826758426e-07,8.968743553224025e-06,25.40946947608729,0.3,1e-08,10,,,2025,150.0,1.1,0.2
Classical_ESN,Mackey_Glass_(tau=17),8.021689522372186e-08,3.0337653610178354e-07,3.781953106707483,7.771251044731124e-08,2.1714381798895957e-06,27.941938400790974,0.5,1e-08,10,,,2025,150.0,1.1,0.2
Classical_ESN,Mackey_Glass_(tau=17),4.053892815319497e-08,3.433718847514785e-07,8.470176701611106,4.053262655964025e-08,7.956949820454256e-07,19.63097508311309,0.7,1e-08,10,,,2025,150.0,1.1,0.2
Classical_ESN,Mackey_Glass_(tau=17),3.527603258597084e-08,8.454539245320167e-07,23.966808695721944,3.6328965291994445e-08,5.735508312580375e-07,15.78770071341467,0.9,1e-08,10,,,2025,150.0,1.1,0.2
Classical_ESN,Mackey_Glass_(tau=17),0.0001795833168177183,0.03139841533543474,174.84037989622914,0.0009608010263789171,0.040083335961681184,41.71866480279265,0.1,1e-08,10,,,2025,150.0,1.25,0.1
Classical_ESN,Mackey_Glass_(tau=17),4.7424620508449765e-06,9.876805125038864e-05,20.826324004593964,3.303021761169889e-05,0.0005768579458904006,17.464551783215764,0.3,1e-08,10,,,2025,150.0,1.25,0.1
Classical_ESN,Mackey_Glass_(tau=17),7.198259919365276e-07,0.00010840490997959085,150.59877136132883,1.657330674489944e-06,0.000172299859808142,103.96227045104838,0.5,1e-08,10,,,2025,150.0,1.25,0.1
Classical_ESN,Mackey_Glass_(tau=17),2.8530268250910336e-07,3.3007420163690885e-05,115.69263868606525,3.743300002184599e-07,3.631328508424259e-05,97.0087491332516,0.7,1e-08,10,,,2025,150.0,1.25,0.1
Classical_ESN,Mackey_Glass_(tau=17),6.987644765355447e-07,0.00011928338096091555,170.70613198930678,5.955794223500667e-07,4.1301405450066373e-05,69.34659576903655,0.9,1e-08,10,,,2025,150.0,1.25,0.1
Classical_ESN,Mackey_Glass_(tau=17),0.00022015676579342837,0.2907823521326717,1320.796801700434,0.0013035035993893302,0.5254145043348574,403.0786754873599,0.1,1e-08,10,,,2025,150.0,1.25,0.2
Classical_ESN,Mackey_Glass_(tau=17),4.849064356904517e-06,0.00030842574274106416,63.60520711627614,3.527160551981053e-05,0.001722658781128519,48.83981763067112,0.3,1e-08,10,,,2025,150.0,1.25,0.2
Classical_ESN,Mackey_Glass_(tau=17),2.4245645816027947e-07,2.9841975898040182e-05,123.08179425071324,2.89514614485884e-07,2.8505498522806466e-05,98.45961860483669,0.5,1e-08,10,,,2025,150.0,1.25,0.2
Classical_ESN,Mackey_Glass_(tau=17),2.235942244133078e-07,2.4222972258196996e-05,108.33451678707718,2.502294778663905e-07,3.1393794977389435e-05,125.46001871990512,0.7,1e-08,10,,,2025,150.0,1.25,0.2
Classical_ESN,Mackey_Glass_(tau=17),2.195879646931678e-06,4.315814765800382e-05,19.654149861222624,2.6429853939997206e-05,5.31129387695978e-05,2.009581244382897,0.9,1e-08,10,,,2025,150.0,1.25,0.2
QRC,Mackey_Glass_(tau=30),0.019362818391342716,5.824313667916176e-18,3.00798858420336e-16,0.026370608099164597,3.8120882535827645e-17,1.44558223278269e-15,0.1,1e-08,1,1.0,0.0,2025,,,
QRC,Mackey_Glass_(tau=30),0.019362818391342712,4.051441183380454e-18,2.0923819567464876e-16,0.026370608099164552,3.525762664774476e-17,1.337004687763031e-15,0.1,1e-08,1,2.0,0.0,2025,,,
QRC,Mackey_Glass_(tau=30),0.019362818391342716,4.793729855482858e-18,2.4757397185660615e-16,0.02637060809916458,3.6085887396825504e-17,1.3684131689768923e-15,0.1,1e-08,1,4.0,0.0,2025,,,
QRC,Mackey_Glass_(tau=30),0.0006626511524441769,0.004599002612994832,6.940307273339061,0.00115963247448669,0.008126394879746248,7.007733103838255,0.1,1e-08,2,1.0,0.0,2025,,,
QRC,Mackey_Glass_(tau=30),0.0002944445319472651,3.853231893811999e-05,0.13086444052226825,0.000329872479749838,9.338925974162606e-05,0.2831071564758864,0.1,1e-08,2,2.0,0.0,2025,,,
QRC,Mackey_Glass_(tau=30),0.000316854265092389,3.7375367031954593e-05,0.11795759486165228,0.00036045982314191177,9.927681777308516e-05,0.2754171516474396,0.1,1e-08,2,4.0,0.0,2025,,,
QRC,Mackey_Glass_(tau=30),7.501548063773382e-05,0.0001909228542093217,2.5451127232168247,4.75843424172209e-05,0.0001311548542266281,2.756260727040389,0.1,1e-08,4,1.0,0.0,2025,,,
QRC,Mackey_Glass_(tau=30),5.9161100986889036e-05,4.375314007841401e-05,0.7395592601988652,5.1909356748971524e-05,3.3670075532340597e-05,0.6486321087576894,0.1,1e-08,4,2.0,0.0,2025,,,
QRC,Mackey_Glass_(tau=30),5.040627044712869e-05,1.650321218178782e-05,0.3274039526312127,3.966729634734609e-05,1.5458667095341498e-05,0.3897081101766531,0.1,1e-08,4,4.0,0.0,2025,,,
QRC,Mackey_Glass_(tau=30),4.0726518995264695e-05,4.481767553109485e-05,1.100454363318059,2.8793610117441757e-05,3.1590873835666235e-05,1.0971487669248543,0.1,1e-08,6,1.0,0.0,2025,,,
QRC,Mackey_Glass_(tau=30),1.3701054545689781e-05,1.2277545097125318e-05,0.8961021982784321,1.3395114188122614e-05,9.446312100352619e-06,0.7052057912823633,0.1,1e-08,6,2.0,0.0,2025,,,
QRC,Mackey_Glass_(tau=30),2.0438175616761073e-05,2.161539245756519e-05,1.0575989199270164,2.0277128130338248e-05,1.7414513067622075e-05,0.8588254192449875,0.1,1e-08,6,4.0,0.0,2025,,,
QRC,Mackey_Glass_(tau=30),5.431829479795222e-05,4.8999910436059757e-05,0.9020885250231941,3.0879104252624166e-05,4.913195199071286e-05,1.5911067752730401,0.1,1e-08,8,1.0,0.0,2025,,,
QRC,Mackey_Glass_(tau=30),1.6386124745917045e-05,7.78780556903634e-06,0.4752682949625926,1.277762320005318e-05,1.004832013862041e-05,0.786399785100768,0.1,1e-08,8,2.0,0.0,2025,,,
QRC,Mackey_Glass_(tau=30),2.0677506727209938e-05,6.946730508682857e-06,0.33595590611229337,1.7367447064626518e-05,5.7143694436034645e-06,0.32902760102504164,0.1,1e-08,8,4.0,0.0,2025,,,
QRC,Mackey_Glass_(tau=30),9.513024156361e-05,5.65608302622351e-05,0.5945620376083562,7.675318976456489e-05,5.289964989455143e-05,0.6892176085035352,0.1,1e-08,10,1.0,0.0,2025,,,
QRC,Mackey_Glass_(tau=30),1.5462248820461507e-05,1.172356354268946e-05,0.7582055934305902,1.211060013275686e-05,1.0977020531993672e-05,0.9063977351793598,0.1,1e-08,10,2.0,0.0,2025,,,
QRC,Mackey_Glass_(tau=30),1.8049334663721495e-05,4.353897907491555e-06,0.24122207209347896,1.2546264441082636e-05,3.518417734219291e-06,0.2804354834653622,0.1,1e-08,10,4.0,0.0,2025,,,
QRC,Mackey_Glass_(tau=30),0.004889164965326367,3.202945486422538e-18,6.551109461713022e-16,0.006905120307788168,1.2089439846158097e-17,1.750793513694848e-15,0.3,1e-08,1,1.0,0.0,2025,,,
QRC,Mackey_Glass_(tau=30),0.004889164965326369,3.2768287381472328e-18,6.702225761221565e-16,0.006905120307788172,1.430728656977755e-17,2.071982229424822e-15,0.3,1e-08,1,2.0,0.0,2025,,,
QRC,Mackey_Glass_(tau=30),0.004889164965326364,3.870133756336076e-18,7.91573568039289e-16,0.006905120307788165,1.2814450788953284e-17,1.8557896485163465e-15,0.3,1e-08,1,4.0,0.0,2025,,,
QRC,Mackey_Glass_(tau=30),0.0005273449900457887,0.001365681690849434,2.5897310425398246,0.0007432077931032768,0.002330687151522153,3.1359831976335033,0.3,1e-08,2,1.0,0.0,2025,,,
QRC,Mackey_Glass_(tau=30),0.00016684745759244427,1.86209529501517e-05,0.11160465504746747,0.0001680420409294544,3.67650614807111e-05,0.21878490214330001,0.3,1e-08,2,2.0,0.0,2025,,,
QRC,Mackey_Glass_(tau=30),0.00018383223067900938,2.1224437645390304e-05,0.11545547571824023,0.00017765356035814473,5.034608533769101e-05,0.2833947444464084,0.3,1e-08,2,4.0,0.0,2025,,,
QRC,Mackey_Glass_(tau=30),5.973889752129006e-05,0.00010584749805211415,1.7718354781219667,2.6765207999165626e-05,7.373120149853616e-05,2.754740463845252,0.3,1e-08,4,1.0,0.0,2025,,,
QRC,Mackey_Glass_(tau=30),5.0093603163735296e-05,3.0586107269458136e-05,0.6105791026747425,3.600906904739358e-05,2.39128468562195e-05,0.6640784527016359,0.3,1e-08,4,2.0,0.0,2025,,,
QRC,Mackey_Glass_(tau=30),3.464261754619459e-05,1.2121203548215278e-05,0.3498928316271749,2.615387155019993e-05,1.1963057311285875e-05,0.4574105706806695,0.3,1e-08,4,4.0,0.0,2025,,,
QRC,Mackey_Glass_(tau=30),2.7506937133599214e-05,4.399378502656317e-05,1.599370544706178,2.43600072898842e-05,2.802817901934413e-05,1.1505817172305686,0.3,1e-08,6,1.0,0.0,2025,,,
QRC,Mackey_Glass_(tau=30),1.5720301005571236e-05,1.3177374024423877e-05,0.8382392945118449,1.1184167594291835e-05,1.0770484739153551e-05,0.9630117439093618,0.3,1e-08,6,2.0,0.0,2025,,,
QRC,Mackey_Glass_(tau=30),1.8293609152945014e-05,2.3304111776608164e-05,1.2738936085150003,1.4386400823478747e-05,1.633966387616578e-05,1.1357714884114232,0.3,1e-08,6,4.0,0.0,2025,,,
QRC,Mackey_Glass_(tau=30),6.225601408444774e-05,6.984749255620773e-05,1.1219396805819026,5.604412050142115e-05,6.076231190879733e-05,1.0841870898349906,0.3,1e-08,8,1.0,0.0,2025,,,
QRC,Mackey_Glass_(tau=30),2.016018057154311e-05,6.7713062147789795e-06,0.33587527605466716,1.2133608514313984e-05,5.996577742238669e-06,0.4942122316839646,0.3,1e-08,8,2.0,0.0,2025,,,
QRC,Mackey_Glass_(tau=30),2.3669979436010628e-05,7.234810461707933e-06,0.30565343249522053,1.876488898034906e-05,6.249688466467925e-06,0.3330522484312438,0.3,1e-08,8,4.0,0.0,2025,,,
QRC,Mackey_Glass_(tau=30),0.0001067680900822532,7.018687123676782e-05,0.6573768546641274,5.760531269172954e-05,5.3839059693467946e-05,0.9346196935269424,0.3,1e-08,10,1.0,0.0,2025,,,
QRC,Mackey_Glass_(tau=30),1.3888787889877166e-05,1.8529073956984818e-05,1.3341030264051856,1.0292174382189175e-05,1.253145564550013e-05,1.2175712517255906,0.3,1e-08,10,2.0,0.0,2025,,,
QRC,Mackey_Glass_(tau=30),2.188790091903434e-05,5.277715404652677e-06,0.24112478506621096,1.4058345322184862e-05,2.769661133450912e-06,0.197011886532637,0.3,1e-08,10,4.0,0.0,2025,,,
QRC,Mackey_Glass_(tau=30),0.0021917265660535896,3.149110635723684e-18,1.436817294866282e-15,0.003072259340875234,5.740038155127604e-18,1.8683442763957438e-15,0.5,1e-08,1,1.0,0.0,2025,,,
QRC,Mackey_Glass_(tau=30),0.0021917265660535887,2.368158923013895e-18,1.0804992555608748e-15,0.003072259340875231,5.504346698458451e-18,1.791628273442034e-15,0.5,1e-08,1,2.0,0.0,2025,,,
QRC,Mackey_Glass_(tau=30),0.0021917265660535866,3.6915017837885946e-18,1.6842893821538592e-15,0.003072259340875233,3.602423855278284e-18,1.1725650264446804e-15,0.5,1e-08,1,4.0,0.0,2025,,,
QRC,Mackey_Glass_(tau=30),0.0004183520340885395,0.0006435088958543901,1.5381995148090968,0.0005908638958567888,0.0010529413272671042,1.7820370048846441,0.5,1e-08,2,1.0,0.0,2025,,,
QRC,Mackey_Glass_(tau=30),9.173161112588225e-05,9.05229486116821e-06,0.09868239258052329,8.594552389367783e-05,1.7914700149159354e-05,0.2084425033154887,0.5,1e-08,2,2.0,0.0,2025,,,
QRC,Mackey_Glass_(tau=30),0.00010228926422281294,1.2699455800575692e-05,0.12415238194413966,9.077847203489116e-05,2.8624056893695188e-05,0.31531767667000815,0.5,1e-08,2,4.0,0.0,2025,,,
QRC,Mackey_Glass_(tau=30),3.685882906494064e-05,5.713996452117433e-05,1.5502381917911954,1.9546393914800778e-05,4.0751998547598296e-05,2.084885771013771,0.5,1e-08,4,1.0,0.0,2025,,,
QRC,Mackey_Glass_(tau=30),2.8920341923539183e-05,1.7840620705893522e-05,0.6168883048845448,2.095390407655601e-05,1.4494371429274323e-05,0.691726533457369,0.5,1e-08,4,2.0,0.0,2025,,,
QRC,Mackey_Glass_(tau=30),2.01557591437082e-05,7.115926925877825e-06,0.35304683267656156,1.3343636258202662e-05,7.153393036208709e-06,0.5360902304131187,0.5,1e-08,4,4.0,0.0,2025,,,
QRC,Mackey_Glass_(tau=30),1.4920866240491988e-05,3.0911881430971786e-05,2.071721636849988,1.5066852935119617e-05,1.9202175346741782e-05,1.274464908460284,0.5,1e-08,6,1.0,0.0,2025,,,
QRC,Mackey_Glass_(tau=30),1.1840170602597965e-05,8.64197150867927e-06,0.7298857253613434,7.3479749976381856e-06,7.157531723377704e-06,0.9740822098167599,0.5,1e-08,6,2.0,0.0,2025,,,
QRC,Mackey_Glass_(tau=30),1.2377518067115124e-05,1.3606711352550364e-05,1.099308543018894,1.0088390772959874e-05,1.0193882969977064e-05,1.0104567913150175,0.5,1e-08,6,4.0,0.0,2025,,,
QRC,Mackey_Glass_(tau=30),4.358910354789742e-05,5.672524131883381e-05,1.3013628797504835,3.834143663996616e-05,4.640605483581987e-05,1.2103368809985422,0.5,1e-08,8,1.0,0.0,2025,,,
QRC,Mackey_Glass_(tau=30),1.3423871667281393e-05,4.450310456226421e-06,0.3315221246544961,8.5518997678221e-06,2.9394676918717356e-06,0.34372101774765373,0.5,1e-08,8,2.0,0.0,2025,,,
QRC,Mackey_Glass_(tau=30),1.6236881716533968e-05,4.6988422184061475e-06,0.2893931421340177,1.253220810502988e-05,4.384881195622079e-06,0.3498889548332811,0.5,1e-08,8,4.0,0.0,2025,,,
QRC,Mackey_Glass_(tau=30),7.651997287460987e-05,5.820228803086765e-05,0.7606156385632984,3.5693066435497354e-05,4.09084737931325e-05,1.146118220665074,0.5,1e-08,10,1.0,0.0,2025,,,
QRC,Mackey_Glass_(tau=30),7.935015042650513e-06,1.6420720781306922e-05,2.069400082173247,6.19866271366389e-06,9.210789476371399e-06,1.485931708474441,0.5,1e-08,10,2.0,0.0,2025,,,
QRC,Mackey_Glass_(tau=30),1.4564103995057782e-05,3.987204370321504e-06,0.2737692872609624,9.144697634760608e-06,1.991459750887223e-06,0.21777207190725842,0.5,1e-08,10,4.0,0.0,2025,,,
QRC,Mackey_Glass_(tau=30),0.0012515657616984004,2.2296350537140054e-18,1.7814765487738693e-15,0.001784093612924104,3.916247615326027e-18,2.1950908780550774e-15,0.7,1e-08,1,1.0,0.0,2025,,,
QRC,Mackey_Glass_(tau=30),0.0012515657616984015,2.971728195572307e-18,2.374408350336788e-15,0.0017840936129241043,3.3637282057678986e-18,1.8853989394955546e-15,0.7,1e-08,1,2.0,0.0,2025,,,
QRC,Mackey_Glass_(tau=30),0.001251565761698401,2.9158240773628985e-18,2.3297410065021786e-15,0.0017840936129241037,4.019664683486218e-18,2.2530570449708888e-15,0.7,1e-08,1,4.0,0.0,2025,,,
QRC,Mackey_Glass_(tau=30),0.0003645030367348775,0.000385371531366565,1.0572519088417534,0.0004655432131414379,0.0006166669134132247,1.3246179860555147,0.7,1e-08,2,1.0,0.0,2025,,,
QRC,Mackey_Glass_(tau=30),5.479671915292177e-05,6.257076950362837e-06,0.11418707264026423,5.0455845657982995e-05,1.2665984329474966e-05,0.2510310582312277,0.7,1e-08,2,2.0,0.0,2025,,,
QRC,Mackey_Glass_(tau=30),6.142378648610724e-05,9.02722944133125e-06,0.14696634573925232,5.320725286900851e-05,1.9239331803208386e-05,0.36159227860483417,0.7,1e-08,2,4.0,0.0,2025,,,
QRC,Mackey_Glass_(tau=30),2.4489658209340834e-05,3.475769993930455e-05,1.4192807283054396,1.5779513792830312e-05,2.495865520063147e-05,1.581712562776925,0.7,1e-08,4,1.0,0.0,2025,,,
QRC,Mackey_Glass_(tau=30),1.7882005280155388e-05,1.1509444505068922e-05,0.6436327651598204,1.4456385112781592e-05,9.47143131771208e-06,0.6551728695535324,0.7,1e-08,4,2.0,0.0,2025,,,
QRC,Mackey_Glass_(tau=30),1.2773693513916106e-05,4.653943104725718e-06,0.3643380905965491,8.225555399397456e-06,4.633694855606876e-06,0.5633291164686954,0.7,1e-08,4,4.0,0.0,2025,,,
QRC,Mackey_Glass_(tau=30),8.93087646209652e-06,2.2905525588481176e-05,2.5647567386800594,9.53066534578262e-06,1.4383853384405215e-05,1.5092181775924136,0.7,1e-08,6,1.0,0.0,2025,,,
QRC,Mackey_Glass_(tau=30),8.588361660010584e-06,6.050866221773384e-06,0.7045425497097577,5.059927138245048e-06,5.062247729561956e-06,1.0004586214887103,0.7,1e-08,6,2.0,0.0,2025,,,
QRC,Mackey_Glass_(tau=30),8.968867130022569e-06,8.45227520206603e-06,0.9424016522413083,7.352069381302623e-06,6.4724164131434435e-06,0.8803530104875963,0.7,1e-08,6,4.0,0.0,2025,,,
QRC,Mackey_Glass_(tau=30),3.2040236335164775e-05,4.707457005988537e-05,1.4692329222372222,2.879111767369147e-05,3.740172291445751e-05,1.2990715865342795,0.7,1e-08,8,1.0,0.0,2025,,,
QRC,Mackey_Glass_(tau=30),8.844586758251252e-06,3.1244877699357714e-06,0.35326554595904536,6.063597282248946e-06,1.7846187454188624e-06,0.294316832459058,0.7,1e-08,8,2.0,0.0,2025,,,
QRC,Mackey_Glass_(tau=30),1.0611754340664793e-05,3.205436502445017e-06,0.30206471046560307,8.456806102818719e-06,3.2193670544373466e-06,0.3806835601166623,0.7,1e-08,8,4.0,0.0,2025,,,
QRC,Mackey_Glass_(tau=30),4.5405237631117776e-05,4.845660123441772e-05,1.067202899103621,2.2586365629841616e-05,3.236323523826276e-05,1.4328659939651258,0.7,1e-08,10,1.0,0.0,2025,,,
QRC,Mackey_Glass_(tau=30),5.072907227427114e-06,1.3304656334441587e-05,2.622688674949308,3.915596493575031e-06,6.834300106926367e-06,1.7454045936910345,0.7,1e-08,10,2.0,0.0,2025,,,
QRC,Mackey_Glass_(tau=30),1.0146622436157287e-05,3.0756741510135923e-06,0.30312295252590543,6.146657597467589e-06,1.5942440461432416e-06,0.2593676353145272,0.7,1e-08,10,4.0,0.0,2025,,,
QRC,Mackey_Glass_(tau=30),0.0008256203841496448,2.6247791387175085e-18,3.1791598040798417e-15,0.0012133188562823255,2.189004894111215e-18,1.8041464391466262e-15,0.9,1e-08,1,1.0,0.0,2025,,,
QRC,Mackey_Glass_(tau=30),0.0008256203841496446,5.069784837282873e-18,6.140576146874747e-15,0.0012133188562823277,4.128777706462193e-18,3.402879370978362e-15,0.9,1e-08,1,2.0,0.0,2025,,,
QRC,Mackey_Glass_(tau=30),0.0008256203841496422,2.396196066300265e-18,2.902297608323051e-15,0.0012133188562823245,1.5540613164627035e-18,1.2808350487722846e-15,0.9,1e-08,1,4.0,0.0,2025,,,
QRC,Mackey_Glass_(tau=30),0.0002552507369300432,0.00026494321156814973,1.0379723669152932,0.0003167581590526891,0.00041904889467933966,1.3229300736327227,0.9,1e-08,2,1.0,0.0,2025,,,
QRC,Mackey_Glass_(tau=30),3.564866096603947e-05,5.417387833657759e-06,0.1519660959725418,3.2390668745702e-05,1.0888637024640372e-05,0.33616586030151696,0.9,1e-08,2,2.0,0.0,2025,,,
QRC,Mackey_Glass_(tau=30),4.004628465219113e-05,7.139232942809579e-06,0.17827453919421105,3.6991207142556755e-05,1.4393350218752691e-05,0.38910193342119337,0.9,1e-08,2,4.0,0.0,2025,,,
QRC,Mackey_Glass_(tau=30),1.7499278908422822e-05,2.3372785543922976e-05,1.335642780838992,1.1276101068878066e-05,1.672414582181233e-05,1.4831496915162294,0.9,1e-08,4,1.0,0.0,2025,,,
QRC,Mackey_Glass_(tau=30),1.2682224047835114e-05,8.193734412602082e-06,0.6460802444190199,9.853886572881499e-06,6.743605170572361e-06,0.6843599345999352,0.9,1e-08,4,2.0,0.0,2025,,,
QRC,Mackey_Glass_(tau=30),8.690091706674586e-06,3.3130326568005395e-06,0.3812425424988212,5.715511183547667e-06,3.2425095559019557e-06,0.5673175070036871,0.9,1e-08,4,4.0,0.0,2025,,,
QRC,Mackey_Glass_(tau=30),5.83161397240202e-06,1.8019291574755847e-05,3.0899321628680725,6.316654729627106e-06,1.1447701730764846e-05,1.8123044903929144,0.9,1e-08,6,1.0,0.0,2025,,,
QRC,Mackey_Glass_(tau=30),6.392897001641493e-06,4.56179208328914e-06,0.713571966217791,3.65628601196687e-06,3.848154574214657e-06,1.0524763548638727,0.9,1e-08,6,2.0,0.0,2025,,,
QRC,Mackey_Glass_(tau=30),6.622861087742884e-06,5.676906419795143e-06,0.8571682758530983,5.5042025161275445e-06,4.3289021243724495e-06,0.7864721749769534,0.9,1e-08,6,4.0,0.0,2025,,,
QRC,Mackey_Glass_(tau=30),2.4904466568264716e-05,4.059139292204959e-05,1.6298840535606742,2.3034879351897434e-05,3.16377805510415e-05,1.373472813454759,0.9,1e-08,8,1.0,0.0,2025,,,
QRC,Mackey_Glass_(tau=30),6.360218832016422e-06,2.4004655720603958e-06,0.3774187076672267,4.426347683633767e-06,1.35239842923627e-06,0.3055337099335206,0.9,1e-08,8,2.0,0.0,2025,,,
QRC,Mackey_Glass_(tau=30),8.171286952133974e-06,2.3610009088882926e-06,0.28893868526691563,6.053611055228724e-06,2.47730306524821e-06,0.40922732607812207,0.9,1e-08,8,4.0,0.0,2025,,,
QRC,Mackey_Glass_(tau=30),2.8469280514876913e-05,4.116258418125026e-05,1.4458596577367078,1.4621294924815107e-05,2.6726894603340444e-05,1.8279430611839886,0.9,1e-08,10,1.0,0.0,2025,,,
QRC,Mackey_Glass_(tau=30),3.936620338978239e-06,1.0881177790946168e-05,2.7640912391796486,2.6379112497108875e-06,5.313356860029165e-06,2.014228818581938,0.9,1e-08,10,2.0,0.0,2025,,,
QRC,Mackey_Glass_(tau=30),7.461498418544895e-06,2.4865272691723496e-06,0.3332477110753392,4.5346100662345126e-06,1.326700641851267e-06,0.2925721555928499,0.9,1e-08,10,4.0,0.0,2025,,,
Classical_ESN,Mackey_Glass_(tau=30),9.323653339499072e-06,6.144163904281302e-06,0.6589867384120704,3.7021686648777368e-06,2.086930220715483e-06,0.5637047929539437,0.1,1e-08,10,,,2025,50.0,0.9,0.1
Classical_ESN,Mackey_Glass_(tau=30),1.3061355340472609e-06,3.582744370272997e-07,0.2743011178304992,8.32064178144067e-07,2.759374821341206e-07,0.331630046554346,0.3,1e-08,10,,,2025,50.0,0.9,0.1
Classical_ESN,Mackey_Glass_(tau=30),5.750270086002369e-07,2.65711866066947e-07,0.4620858883024604,4.2302237053222474e-07,1.7305668662491291e-07,0.40909582726601906,0.5,1e-08,10,,,2025,50.0,0.9,0.1
Classical_ESN,Mackey_Glass_(tau=30),3.5681702057621283e-07,1.3131497244862596e-07,0.3680176809855355,3.296144776601531e-07,8.493942540359563e-08,0.2576932482048676,0.7,1e-08,10,,,2025,50.0,0.9,0.1
Classical_ESN,Mackey_Glass_(tau=30),1.9913274708656438e-07,5.2192571073233034e-08,0.262099387653928,2.003129862671159e-07,3.3790434114732684e-08,0.16868818514678519,0.9,1e-08,10,,,2025,50.0,0.9,0.1
Classical_ESN,Mackey_Glass_(tau=30),8.736884972913042e-06,9.018408222760106e-06,1.0322223825447938,5.057888729224738e-06,8.130385480542277e-06,1.607466260292461,0.1,1e-08,10,,,2025,50.0,0.9,0.2
Classical_ESN,Mackey_Glass_(tau=30),1.401040115692899e-06,8.991335064124219e-07,0.6417614287709,8.081235100255566e-07,4.091864901286634e-07,0.5063415245965596,0.3,1e-08,10,,,2025,50.0,0.9,0.2
Classical_ESN,Mackey_Glass_(tau=30),6.56194667259038e-07,4.494668993232309e-07,0.6849596952695141,5.213688735175039e-07,2.5292478381947013e-07,0.4851167698467881,0.5,1e-08,10,,,2025,50.0,0.9,0.2
Classical_ESN,Mackey_Glass_(tau=30),3.306777606677134e-07,1.7654038466033445e-07,0.5338743806171282,2.9974611609677983e-07,1.269309465902456e-07,0.4234615221812017,0.7,1e-08,10,,,2025,50.0,0.9,0.2
Classical_ESN,Mackey_Glass_(tau=30),1.7940519463033587e-07,1.8169812628498675e-07,1.0127807428284084,2.0230227975632981e-07,7.870092475564474e-08,0.38902638591339095,0.9,1e-08,10,,,2025,50.0,0.9,0.2
Classical_ESN,Mackey_Glass_(tau=30),3.749126256968905e-05,1.195893309281322e-05,0.3189792040367769,1.2663828539569293e-05,1.1967640729531413e-05,0.9450254867347124,0.1,1e-08,10,,,2025,50.0,1.1,0.1
Classical_ESN,Mackey_Glass_(tau=30),6.251421766023422e-06,4.2943887811007366e-06,0.6869459367532693,3.4046884379232393e-06,1.7054545178024715e-06,0.5009135340568046,0.3,1e-08,10,,,2025,50.0,1.1,0.1
Classical_ESN,Mackey_Glass_(tau=30),3.826777426155533e-06,1.7641850017066731e-06,0.4610106116046089,1.9717965404636913e-06,1.0843286265545796e-06,0.5499191241605419,0.5,1e-08,10,,,2025,50.0,1.1,0.1
Classical_ESN,Mackey_Glass_(tau=30),1.6463083037230258e-06,1.3841222316353445e-06,0.8407430300298167,1.2598316086850888e-06,5.983517961897656e-07,0.4749458515446181,0.7,1e-08,10,,,2025,50.0,1.1,0.1
Classical_ESN,Mackey_Glass_(tau=30),1.1528876986536702e-06,1.257489379399455e-06,1.0907301559969262,9.430122927415186e-07,9.519422259806951e-07,1.00946958306685,0.9,1e-08,10,,,2025,50.0,1.1,0.1
Classical_ESN,Mackey_Glass_(tau=30),3.260278727241039e-05,0.045296084511708225,1389.3316584634267,2.1893014598698696e-05,0.04919478269831746,2247.053847999606,0.1,1e-08,10,,,2025,50.0,1.1,0.2
Classical_ESN,Mackey_Glass_(tau=30),5.811743005426835e-06,0.00177300524760447,305.07289223712917,4.669636043474095e-06,0.002226921691121119,476.8940599199983,0.3,1e-08,10,,,2025,50.0,1.1,0.2
Classical_ESN,Mackey_Glass_(tau=30),2.00698582718967e-06,0.00012676482298031578,63.16179280539377,1.3325271705107613e-06,4.271808789641698e-05,32.057948867221235,0.5,1e-08,10,,,2025,50.0,1.1,0.2
Classical_ESN,Mackey_Glass_(tau=30),1.619229613631081e-06,4.919564396641746e-05,30.382129595627568,9.298364294419231e-07,6.887203483376294e-06,7.4068978858033265,0.7,1e-08,10,,,2025,50.0,1.1,0.2
Classical_ESN,Mackey_Glass_(tau=30),1.2346371529102158e-06,3.165447780246672e-05,25.638688847045145,9.278484771965417e-07,2.1540541768878044e-05,23.215581313407938,0.9,1e-08,10,,,2025,50.0,1.1,0.2
Classical_ESN,Mackey_Glass_(tau=30),0.00012794992667115044,0.0002667921809089983,2.0851296116385614,5.2949240839035934e-05,7.808979538344039e-05,1.4748048158203244,0.1,1e-08,10,,,2025,50.0,1.25,0.1
Classical_ESN,Mackey_Glass_(tau=30),2.6981294610318313e-05,7.526712281512982e-05,2.789603831179613,1.0366492863300331e-05,2.1501106352152436e-05,2.07409647946328,0.3,1e-08,10,,,2025,50.0,1.25,0.1
Classical_ESN,Mackey_Glass_(tau=30),1.0929119183062916e-05,3.760483919668524e-05,3.440793221009269,5.424512980109117e-06,3.9220444109241956e-05,7.230224031734738,0.5,1e-08,10,,,2025,50.0,1.25,0.1
Classical_ESN,Mackey_Glass_(tau=30),1.6336190915272507e-05,5.349183321555091e-05,3.274437320975604,5.339118812172036e-06,6.252669150569634e-05,11.711050775485461,0.7,1e-08,10,,,2025,50.0,1.25,0.1
Classical_ESN,Mackey_Glass_(tau=30),1.6141606654844906e-05,0.0002190727746272621,13.571931178332076,2.2816732468684908e-05,0.00024117215331132279,10.569968931455122,0.9,1e-08,10,,,2025,50.0,1.25,0.1
Classical_ESN,Mackey_Glass_(tau=30),5.5953553072988006e-05,0.01442932827484483,257.8804648209319,5.016608061449266e-05,0.010753645556129825,214.3608873646622,0.1,1e-08,10,,,2025,50.0,1.25,0.2
Classical_ESN,Mackey_Glass_(tau=30),3.226896596457955e-05,0.0005586920719332868,17.313603186000517,1.4318420317469766e-05,0.00047039623718378497,32.852523305930546,0.3,1e-08,10,,,2025,50.0,1.25,0.2
Classical_ESN,Mackey_Glass_(tau=30),2.5445562820378106e-05,0.0002655004403470367,10.434056508052965,1.0812867603473205e-05,0.00024544357894211016,22.69921245158603,0.5,1e-08,10,,,2025,50.0,1.25,0.2
Classical_ESN,Mackey_Glass_(tau=30),2.2491212586506814e-05,0.0002870947624149917,12.76475251437661,8.954397427237176e-06,0.00010912461101558047,12.18670624152207,0.7,1e-08,10,,,2025,50.0,1.25,0.2
Classical_ESN,Mackey_Glass_(tau=30),5.714205930703834e-05,0.0004038159538486795,7.066877860996871,3.935189004742026e-05,0.00044747058998649775,11.371006308649513,0.9,1e-08,10,,,2025,50.0,1.25,0.2
Classical_ESN,Mackey_Glass_(tau=30),7.263679878436842e-06,7.105897417024494e-06,0.9782778888864934,3.4466133810162638e-06,3.986638714485254e-06,1.1566828865817724,0.1,1e-08,10,,,2025,100.0,0.9,0.1
Classical_ESN,Mackey_Glass_(tau=30),4.292281054934249e-07,3.3795327149153707e-07,0.7873512176073334,2.1014049660077646e-07,3.7111066847972064e-08,0.1766012141794612,0.3,1e-08,10,,,2025,100.0,0.9,0.1
Classical_ESN,Mackey_Glass_(tau=30),1.9642694421058348e-07,4.101547292271916e-08,0.20880777373773982,1.3112910462882597e-07,9.707739419832148e-09,0.07403192027666836,0.5,1e-08,10,,,2025,100.0,0.9,0.1
Classical_ESN,Mackey_Glass_(tau=30),1.1448488435906157e-07,2.7565430257368582e-08,0.24077790191860168,1.0101814430326792e-07,9.117658825998028e-09,0.09025763528803087,0.7,1e-08,10,,,2025,100.0,0.9,0.1
Classical_ESN,Mackey_Glass_(tau=30),7.925264958690456e-08,1.196498972748838e-08,0.15097274084657775,8.39256938578795e-08,6.298316092288385e-09,0.07504633924092434,0.9,1e-08,10,,,2025,100.0,0.9,0.1
Classical_ESN,Mackey_Glass_(tau=30),1.0883691823359441e-05,1.2758911572862136e-05,1.1722962924655722,5.195889695187624e-06,6.85407892001489e-06,1.3191348011800679,0.1,1e-08,10,,,2025,100.0,0.9,0.2
Classical_ESN,Mackey_Glass_(tau=30),3.9250170609905256e-07,1.5748538384873585e-07,0.40123490268088796,2.2637064437119436e-07,2.2724188969623734e-08,0.1003848755776011,0.3,1e-08,10,,,2025,100.0,0.9,0.2
Classical_ESN,Mackey_Glass_(tau=30),1.998965405058309e-07,3.9117978436448966e-08,0.1956911227050871,1.3623599137191049e-07,8.690642385050474e-09,0.06379108998682953,0.5,1e-08,10,,,2025,100.0,0.9,0.2
Classical_ESN,Mackey_Glass_(tau=30),1.1796317668763822e-07,1.840092429321594e-08,0.15598871452860966,1.0808873798636679e-07,8.486115709965868e-09,0.07851063735276677,0.7,1e-08,10,,,2025,100.0,0.9,0.2
Classical_ESN,Mackey_Glass_(tau=30),7.676096500722622e-08,1.1448481966874782e-08,0.14914458104841477,8.304475324950697e-08,7.153826780850337e-09,0.08614423549862024,0.9,1e-08,10,,,2025,100.0,0.9,0.2
Classical_ESN,Mackey_Glass_(tau=30),0.00010858324854105972,0.00044537953814483895,4.101733408504747,7.130617499290395e-05,0.00014007161146324903,1.9643686045028819,0.1,1e-08,10,,,2025,100.0,1.1,0.1
Classical_ESN,Mackey_Glass_(tau=30),3.3736295389185585e-06,2.427020674976663e-05,7.1940936222495315,9.642196997720966e-07,7.079828929418029e-06,7.342547482789888,0.3,1e-08,10,,,2025,100.0,1.1,0.1
Classical_ESN,Mackey_Glass_(tau=30),2.6264907061750433e-06,1.3169946939882298e-05,5.014275096774161,5.278213759158447e-07,1.4297761674365964e-05,27.088258124365133,0.5,1e-08,10,,,2025,100.0,1.1,0.1
Classical_ESN,Mackey_Glass_(tau=30),9.832317244293731e-07,1.8691111166987828e-06,1.9009873972318554,3.5358489258370023e-07,2.0914108364479258e-06,5.91487611692247,0.7,1e-08,10,,,2025,100.0,1.1,0.1
Classical_ESN,Mackey_Glass_(tau=30),8.469677276787287e-07,2.4071908948178813e-06,2.8421282371823446,3.131985988706254e-07,3.0519789233205766e-06,9.744548456876315,0.9,1e-08,10,,,2025,100.0,1.1,0.1
Classical_ESN,Mackey_Glass_(tau=30),0.00010574277172841101,0.00036145724658506707,3.418269075766534,5.658403326247654e-05,0.00012717479959796176,2.24753861231552,0.1,1e-08,10,,,2025,100.0,1.1,0.2
Classical_ESN,Mackey_Glass_(tau=30),1.8434270689853216e-06,5.770684452410985e-06,3.1304110422916516,6.265706838563388e-07,2.179112597826844e-06,3.4778400170514114,0.3,1e-08,10,,,2025,100.0,1.1,0.2
Classical_ESN,Mackey_Glass_(tau=30),6.643256517072553e-07,1.199007550649159e-06,1.804849094066774,3.204593165887099e-07,2.6318871731479193e-07,0.8212858971192861,0.5,1e-08,10,,,2025,100.0,1.1,0.2
Classical_ESN,Mackey_Glass_(tau=30),5.718676770517111e-07,5.146484836359391e-07,0.8999432985777969,1.9957334430865546e-07,1.4349130061165888e-07,0.7189903095963487,0.7,1e-08,10,,,2025,100.0,1.1,0.2
Classical_ESN,Mackey_Glass_(tau=30),2.7333965893504503e-07,3.76582863229348e-07,1.3777102989611805,1.6111454717356234e-07,1.0834705663115999e-07,0.6724846299225977,0.9,1e-08,10,,,2025,100.0,1.1,0.2
Classical_ESN,Mackey_Glass_(tau=30),0.00025975057013175344,0.006903413856113714,26.577088368322315,0.0002214334597670603,0.01507878578751019,68.09623894858757,0.1,1e-08,10,,,2025,100.0,1.25,0.1
Classical_ESN,Mackey_Glass_(tau=30),1.4844101998314809e-05,0.00011711367771891568,7.889576461561038,2.8780635788642665e-06,6.284406628834665e-05,21.835537876875534,0.3,1e-08,10,,,2025,100.0,1.25,0.1
Classical_ESN,Mackey_Glass_(tau=30),7.318072121934882e-06,4.018159068219877e-05,5.490734446543668,2.0621032563437443e-06,1.0889829230349925e-05,5.280933045835138,0.5,1e-08,10,,,2025,100.0,1.25,0.1
Classical_ESN,Mackey_Glass_(tau=30),1.2816633177107832e-05,5.779592241241809e-05,4.509446561648429,2.9663922822690493e-06,6.833021063741297e-05,23.03478573816471,0.7,1e-08,10,,,2025,100.0,1.25,0.1
Classical_ESN,Mackey_Glass_(tau=30),4.0245489357510296e-05,0.000343059730391122,8.524178382914926,9.605208768260671e-06,0.00010445276554706004,10.874596072519779,0.9,1e-08,10,,,2025,100.0,1.25,0.1
Classical_ESN,Mackey_Glass_(tau=30),0.00020852611595801942,0.2762077883533184,1324.5716829489343,6.61042843348495e-05,0.47676902118634884,7212.377018882588,0.1,1e-08,10,,,2025,100.0,1.25,0.2
Classical_ESN,Mackey_Glass_(tau=30),7.861736757914722e-06,0.0008811763464922399,112.08418363857385,1.6504041252571098e-06,0.0017095821627939678,1035.856695115591,0.3,1e-08,10,,,2025,100.0,1.25,0.2
Classical_ESN,Mackey_Glass_(tau=30),3.952531820892242e-06,0.0011534972126357676,291.8375524615961,9.655608496942105e-07,0.0040146444543723995,4157.836821619086,0.5,1e-08,10,,,2025,100.0,1.25,0.2
Classical_ESN,Mackey_Glass_(tau=30),2.002528424727179e-06,4.17374284746343e-05,20.84236506171968,5.561741049571892e-07,3.622469280089583e-05,65.13192987236286,0.7,1e-08,10,,,2025,100.0,1.25,0.2
Classical_ESN,Mackey_Glass_(tau=30),1.8799715670917094e-06,6.415090049248524e-05,34.12333548837965,5.254666027231344e-07,7.58651042963877e-05,144.37664335512608,0.9,1e-08,10,,,2025,100.0,1.25,0.2
Classical_ESN,Mackey_Glass_(tau=30),2.6969567467511595e-05,2.9440238576793174e-05,1.0916095933780854,7.304149154159031e-06,1.0441670878534451e-05,1.429553348125277,0.1,1e-08,10,,,2025,150.0,0.9,0.1
Classical_ESN,Mackey_Glass_(tau=30),3.5338301179360404e-07,1.1372751739916763e-07,0.32182508384299763,1.5189106652774226e-07,1.802345162123252e-08,0.11866037966058136,0.3,1e-08,10,,,2025,150.0,0.9,0.1
Classical_ESN,Mackey_Glass_(tau=30),1.4400674228875058e-07,5.4477914966104795e-08,0.37830114132343967,9.547582502582027e-08,6.172487296012269e-09,0.06464974033314712,0.5,1e-08,10,,,2025,150.0,0.9,0.1
Classical_ESN,Mackey_Glass_(tau=30),9.673940639124086e-08,1.6409564674746564e-08,0.16962647680906534,7.459747885892315e-08,5.713956279999663e-09,0.0765971768403293,0.7,1e-08,10,,,2025,150.0,0.9,0.1
Classical_ESN,Mackey_Glass_(tau=30),6.086002229210149e-08,5.986467405436869e-09,0.09836452863432162,6.174847998593147e-08,6.183018623700197e-09,0.10013232107266302,0.9,1e-08,10,,,2025,150.0,0.9,0.1
Classical_ESN,Mackey_Glass_(tau=30),1.1072255077908667e-05,4.840235917051947e-05,4.371499647537179,8.106058034287782e-06,4.747876478418695e-05,5.857195270914261,0.1,1e-08,10,,,2025,150.0,0.9,0.2
Classical_ESN,Mackey_Glass_(tau=30),3.504663122768477e-07,1.222170864127682e-07,0.34872705915375946,1.4908993669176048e-07,1.5532453082972147e-08,0.10418176724486164,0.3,1e-08,10,,,2025,150.0,0.9,0.2
Classical_ESN,Mackey_Glass_(tau=30),1.7964078889178965e-07,6.365450157408426e-08,0.3543432533711921,9.88464344118546e-08,6.7144959669445085e-09,0.06792856016401987,0.5,1e-08,10,,,2025,150.0,0.9,0.2
Classical_ESN,Mackey_Glass_(tau=30),8.906783284561726e-08,1.4481201909168973e-08,0.1625862159941567,7.662685605863761e-08,4.1458006129450446e-09,0.054103754560575076,0.7,1e-08,10,,,2025,150.0,0.9,0.2
Classical_ESN,Mackey_Glass_(tau=30),6.042390438305797e-08,6.9298345047821255e-09,0.11468696992584869,6.242186705861629e-08,3.711006506067177e-09,0.059450424681825265,0.9,1e-08,10,,,2025,150.0,0.9,0.2
Classical_ESN,Mackey_Glass_(tau=30),0.0002674230927272451,0.0011009295217311805,4.116807978337383,0.0002038255478345792,0.000800917928590266,3.929428558387957,0.1,1e-08,10,,,2025,150.0,1.1,0.1
Classical_ESN,Mackey_Glass_(tau=30),5.358128862661725e-06,1.188066316185531e-05,2.217315683586121,5.19820501781412e-07,2.8451928371876716e-06,5.4734140485749725,0.3,1e-08,10,,,2025,150.0,1.1,0.1
Classical_ESN,Mackey_Glass_(tau=30),1.6738988901812197e-06,2.806548160324339e-06,1.676653337180059,2.274385018200885e-07,1.0160085378557462e-06,4.467179170303553,0.5,1e-08,10,,,2025,150.0,1.1,0.1
Classical_ESN,Mackey_Glass_(tau=30),6.322494081431201e-07,2.359253491085229e-06,3.7315234473911483,1.4868613875382437e-07,3.091611653563036e-07,2.0792870670222556,0.7,1e-08,10,,,2025,150.0,1.1,0.1
Classical_ESN,Mackey_Glass_(tau=30),3.0026317581526947e-07,2.1666020829058275e-06,7.215676970787731,1.0016030472674192e-07,4.074514528598761e-06,40.67993342986407,0.9,1e-08,10,,,2025,150.0,1.1,0.1
Classical_ESN,Mackey_Glass_(tau=30),0.00026089487890844517,0.0008724303903757305,3.343992009447948,0.00012593437076993411,0.0003733248165747249,2.9644394480418796,0.1,1e-08,10,,,2025,150.0,1.1,0.2
Classical_ESN,Mackey_Glass_(tau=30),2.4411810927726114e-06,1.940186091631795e-05,7.947735206437295,3.5958050204445696e-07,6.618287101205501e-06,18.40557834358673,0.3,1e-08,10,,,2025,150.0,1.1,0.2
Classical_ESN,Mackey_Glass_(tau=30),1.1999578954901108e-06,5.473915131752133e-06,4.561756001877355,1.831716963210759e-07,4.398729086660548e-06,24.014240054588754,0.5,1e-08,10,,,2025,150.0,1.1,0.2
Classical_ESN,Mackey_Glass_(tau=30),5.646465672820666e-07,2.9265306997781894e-06,5.182942515466058,1.3430073337873036e-07,8.718163751813097e-07,6.491523562442303,0.7,1e-08,10,,,2025,150.0,1.1,0.2
Classical_ESN,Mackey_Glass_(tau=30),3.862003946936302e-07,3.6943905039183338e-06,9.565993599900553,1.2784134484444366e-07,3.511746402762414e-06,27.469567118802445,0.9,1e-08,10,,,2025,150.0,1.1,0.2
Classical_ESN,Mackey_Glass_(tau=30),0.0014572935106413206,0.15146513982466323,103.93591868669407,0.001278263231487162,0.25890161115637533,202.54170250611293,0.1,1e-08,10,,,2025,150.0,1.25,0.1
Classical_ESN,Mackey_Glass_(tau=30),2.763628841050349e-05,0.001604203870209028,58.04700857005573,1.3392250254193277e-05,0.002212779353921711,165.2283456418284,0.3,1e-08,10,,,2025,150.0,1.25,0.1
Classical_ESN,Mackey_Glass_(tau=30),6.542524060366873e-06,0.00013609551063472274,20.80168286413473,9.928560226366564e-07,0.00020311607146054837,204.57756898240655,0.5,1e-08,10,,,2025,150.0,1.25,0.1
Classical_ESN,Mackey_Glass_(tau=30),3.001592475154707e-06,0.00016244360914057055,54.11914191722444,5.868381717830548e-07,8.558284899306287e-05,145.83722243736653,0.7,1e-08,10,,,2025,150.0,1.25,0.1
Classical_ESN,Mackey_Glass_(tau=30),3.009711708377255e-06,0.00013763750061981247,45.73112442521029,3.156266024950465e-06,3.95570114275975e-05,12.532850879772822,0.9,1e-08,10,,,2025,150.0,1.25,0.1
Classical_ESN,Mackey_Glass_(tau=30),0.00458178601179167,0.13696748042709506,29.893906017128685,0.0019299773422497466,0.15627655928135534,80.97326111569062,0.1,1e-08,10,,,2025,150.0,1.25,0.2
Classical_ESN,Mackey_Glass_(tau=30),2.003137478680778e-05,0.0016205440903132719,80.90029304331753,4.7610381256887555e-06,0.001249417303075236,262.4253933892808,0.3,1e-08,10,,,2025,150.0,1.25,0.2
Classical_ESN,Mackey_Glass_(tau=30),1.2002810862133553e-05,0.0002769953666750171,23.077541573939286,1.1205541442170452e-06,0.00018675669323757206,166.66458662563144,0.5,1e-08,10,,,2025,150.0,1.25,0.2
Classical_ESN,Mackey_Glass_(tau=30),7.358698584733231e-06,0.00014904102616600343,20.253720742851502,1.6610002389258187e-06,0.00011530749718176349,69.4205181188497,0.7,1e-08,10,,,2025,150.0,1.25,0.2
Classical_ESN,Mackey_Glass_(tau=30),4.497451809702095e-05,0.0001331234772354897,2.959975623269827,1.6557935090966008e-05,8.355531631913677e-05,5.046240117508642,0.9,1e-08,10,,,2025,150.0,1.25,0.2
QRC,Mackey_Glass_(tau=100),0.016677680024133234,3.469446951953614e-18,2.0802935102083703e-16,0.014843084578002153,5.044003596024331e-18,3.3982179172512963e-16,0.1,1e-08,1,1.0,0.0,2025,,,
QRC,Mackey_Glass_(tau=100),0.016677680024133237,6.779357775976675e-18,4.0649285549109264e-16,0.01484308457800216,8.085983740720215e-18,5.44764378201001e-16,0.1,1e-08,1,2.0,0.0,2025,,,
QRC,Mackey_Glass_(tau=100),0.016677680024133237,3.914064036892916e-18,2.34688759541442e-16,0.01484308457800216,3.9488564014498746e-18,2.6604014689117806e-16,0.1,1e-08,1,4.0,0.0,2025,,,
QRC,Mackey_Glass_(tau=100),0.0016317196612881243,0.0041184451286786486,2.5239906255878752,0.0016378601176333663,0.003076213890701314,1.8781908525535769,0.1,1e-08,2,1.0,0.0,2025,,,
QRC,Mackey_Glass_(tau=100),0.00040579836175137215,0.0003873802028423825,0.954612535079,0.0006511707252784401,0.0003246665823504116,0.4985890331780262,0.1,1e-08,2,2.0,0.0,2025,,,
QRC,Mackey_Glass_(tau=100),0.00044839964724753035,0.00010019650434155763,0.22345357530186924,0.0006736726598696731,0.00011907412961014004,0.17675369167152458,0.1,1e-08,2,4.0,0.0,2025,,,
QRC,Mackey_Glass_(tau=100),8.343765736641535e-05,0.0002935250830915267,3.517896982683913,0.00012833420051943005,0.0004843538006666196,3.7741599566304815,0.1,1e-08,4,1.0,0.0,2025,,,
QRC,Mackey_Glass_(tau=100),7.696489497858475e-05,8.846628586533474e-05,1.1494368424714958,0.0001358134112971238,0.00010690105687938258,0.7871170884995397,0.1,1e-08,4,2.0,0.0,2025,,,
QRC,Mackey_Glass_(tau=100),5.649834552705796e-05,1.2012386036044286e-05,0.21261482834557274,8.874719918996558e-05,2.464315640818822e-05,0.27767813106348216,0.1,1e-08,4,4.0,0.0,2025,,,
QRC,Mackey_Glass_(tau=100),3.9292057025149504e-05,6.210840810035972e-05,1.580686092881476,7.544819241859195e-05,0.00013151386647489936,1.7431016205829166,0.1,1e-08,6,1.0,0.0,2025,,,
QRC,Mackey_Glass_(tau=100),3.455148923135016e-05,2.0510983537855206e-05,0.5936352960220493,3.134965778448322e-05,3.387724801382651e-05,1.0806257678064461,0.1,1e-08,6,2.0,0.0,2025,,,
QRC,Mackey_Glass_(tau=100),3.448053162564963e-05,4.2321621689176596e-05,1.227406298390541,5.986495986612419e-05,5.763572285191957e-05,0.962762239894759,0.1,1e-08,6,4.0,0.0,2025,,,
QRC,Mackey_Glass_(tau=100),7.95792964082099e-05,9.073569597490056e-05,1.1401922368031856,0.00010235340608973488,0.0001211618451306583,1.183759776635413,0.1,1e-08,8,1.0,0.0,2025,,,
QRC,Mackey_Glass_(tau=100),3.216913109787062e-05,1.2281204007593704e-05,0.38176983923593255,3.735414176515918e-05,1.8683774390071308e-05,0.5001794582119933,0.1,1e-08,8,2.0,0.0,2025,,,
QRC,Mackey_Glass_(tau=100),3.284429480632982e-05,1.2268136137592886e-05,0.3735241146120923,4.968222176935227e-05,2.468903425105985e-05,0.49693901302718924,0.1,1e-08,8,4.0,0.0,2025,,,
QRC,Mackey_Glass_(tau=100),0.00016565066145945613,9.368444577178332e-05,0.5655543113826508,0.0002252285326438349,0.0001649533784482583,0.7323822453219428,0.1,1e-08,10,1.0,0.0,2025,,,
QRC,Mackey_Glass_(tau=100),2.0059038687290614e-05,1.1134573185415303e-05,0.5550900698182589,3.5887298291153724e-05,2.336417768453177e-05,0.6510430931573101,0.1,1e-08,10,2.0,0.0,2025,,,
QRC,Mackey_Glass_(tau=100),2.504604852153146e-05,7.069120282224029e-06,0.28224493281432733,5.157601267001736e-05,1.6265931252125555e-05,0.31537783574303746,0.1,1e-08,10,4.0,0.0,2025,,,
QRC,Mackey_Glass_(tau=100),0.004883338917315802,4.30515272885683e-18,8.81600233313976e-16,0.006077376463072596,7.331877337649016e-18,1.2064214521182007e-15,0.3,1e-08,1,1.0,0.0,2025,,,
QRC,Mackey_Glass_(tau=100),0.004883338917315799,4.017537313830206e-18,8.227029460487469e-16,0.006077376463072595,5.295364333381761e-18,8.713240599060298e-16,0.3,1e-08,1,2.0,0.0,2025,,,
QRC,Mackey_Glass_(tau=100),0.0048833389173158,2.7303427342861815e-18,5.591139137618888e-16,0.006077376463072595,4.574721190362184e-18,7.527460604356407e-16,0.3,1e-08,1,4.0,0.0,2025,,,
QRC,Mackey_Glass_(tau=100),0.001011945282428978,0.0012901596520778068,1.2749302501623698,0.0011689496320125778,0.0012136609694417997,1.0382491565117673,0.3,1e-08,2,1.0,0.0,2025,,,
QRC,Mackey_Glass_(tau=100),0.0001676659218036517,6.599877587630777e-05,0.3936326187595644,0.0003027481537638255,3.7473874779620654e-05,0.12377903651512968,0.3,1e-08,2,2.0,0.0,2025,,,
QRC,Mackey_Glass_(tau=100),0.00018703938245232535,2.925837433538552e-05,0.15642895069354293,0.0003166025825731603,5.0530820066384454e-05,0.15960330978888282,0.3,1e-08,2,4.0,0.0,2025,,,
QRC,Mackey_Glass_(tau=100),3.4082365979249425e-05,0.0001094636796262674,3.2117394576688967,6.416417531173826e-05,0.00021768469943713088,3.392620545335793,0.3,1e-08,4,1.0,0.0,2025,,,
QRC,Mackey_Glass_(tau=100),3.3117866087842816e-05,2.760166829554324e-05,0.8334374027098168,5.9804029149781586e-05,4.200721742104977e-05,0.7024145031405996,0.3,1e-08,4,2.0,0.0,2025,,,
QRC,Mackey_Glass_(tau=100),3.0564143700065255e-05,7.65413946858849e-06,0.25042872274455863,4.40553449479249e-05,1.2217959883322443e-05,0.2773320671479145,0.3,1e-08,4,4.0,0.0,2025,,,
QRC,Mackey_Glass_(tau=100),1.7455467671598474e-05,3.289274495916928e-05,1.8843806180391582,3.7971083608790585e-05,7.328264446646421e-05,1.9299592611441496,0.3,1e-08,6,1.0,0.0,2025,,,
QRC,Mackey_Glass_(tau=100),1.7019741174934775e-05,1.2570034475043778e-05,0.7385561475844212,1.9912943958679674e-05,1.587923589429784e-05,0.7974328621246576,0.3,1e-08,6,2.0,0.0,2025,,,
QRC,Mackey_Glass_(tau=100),1.5826347607145102e-05,1.6182972918126897e-05,1.02253364578071,3.2244539090760854e-05,3.477483279579647e-05,1.0784720072417047,0.3,1e-08,6,4.0,0.0,2025,,,
QRC,Mackey_Glass_(tau=100),6.725669228428697e-05,7.372717465371625e-05,1.096205777442626,7.455016434049458e-05,0.00011088123923406063,1.4873372877842408,0.3,1e-08,8,1.0,0.0,2025,,,
QRC,Mackey_Glass_(tau=100),1.7824057320753268e-05,6.043811361311299e-06,0.3390816833984396,2.68506188658931e-05,1.1049467590595569e-05,0.41151630976487896,0.3,1e-08,8,2.0,0.0,2025,,,
QRC,Mackey_Glass_(tau=100),1.9743592038042343e-05,7.221762864376264e-06,0.36577755711631543,3.7642723634090065e-05,1.479580077100366e-05,0.39305872005510945,0.3,1e-08,8,4.0,0.0,2025,,,
QRC,Mackey_Glass_(tau=100),9.603223701131288e-05,7.624514809987436e-05,0.793953681313208,0.00011859006962099922,0.00012200113051265667,1.0287634614142551,0.3,1e-08,10,1.0,0.0,2025,,,
QRC,Mackey_Glass_(tau=100),1.4018255482888346e-05,1.466769551440688e-05,1.046328163465938,2.164862422236211e-05,2.0280757702430708e-05,0.9368150832181541,0.3,1e-08,10,2.0,0.0,2025,,,
QRC,Mackey_Glass_(tau=100),1.9633588272715154e-05,4.7192261952900596e-06,0.24036493633964912,3.2503772234567345e-05,1.1692752929837373e-05,0.35973525920176985,0.3,1e-08,10,4.0,0.0,2025,,,
QRC,Mackey_Glass_(tau=100),0.0022095899184817313,4.19858794565771e-18,1.9001661396711446e-15,0.0029254071975167105,5.8419009661286685e-18,1.9969530980465493e-15,0.5,1e-08,1,1.0,0.0,2025,,,
QRC,Mackey_Glass_(tau=100),0.0022095899184817335,4.224975270087441e-18,1.912108321434835e-15,0.0029254071975167136,6.49732314355015e-18,2.2209978662339808e-15,0.5,1e-08,1,2.0,0.0,2025,,,
QRC,Mackey_Glass_(tau=100),0.0022095899184817343,5.164594413057595e-18,2.3373542619194785e-15,0.0029254071975167136,6.3495920318354646e-18,2.170498533409446e-15,0.5,1e-08,1,4.0,0.0,2025,,,
QRC,Mackey_Glass_(tau=100),0.0007617451108217138,0.0006052971350070562,0.7946189957873269,0.0008918479136248408,0.0006200159032496953,0.6952036258398507,0.5,1e-08,2,1.0,0.0,2025,,,
QRC,Mackey_Glass_(tau=100),8.174258549204646e-05,2.9476541671464437e-05,0.3606020227281959,0.00015817123373727335,2.726518497851971e-05,0.1723776462653627,0.5,1e-08,2,2.0,0.0,2025,,,
QRC,Mackey_Glass_(tau=100),9.039321140636117e-05,1.5985423306709516e-05,0.17684318388520698,0.0001733771183590719,2.7120530348081137e-05,0.15642508426004223,0.5,1e-08,2,4.0,0.0,2025,,,
QRC,Mackey_Glass_(tau=100),2.2002314720105893e-05,5.359250960406346e-05,2.4357668857036296,3.575143892219528e-05,0.00011163282018522765,3.1224706907089983,0.5,1e-08,4,1.0,0.0,2025,,,
QRC,Mackey_Glass_(tau=100),1.8947153668095985e-05,1.4529482524525162e-05,0.766842491439256,3.6074924115953554e-05,2.2510553835918068e-05,0.623994488902144,0.5,1e-08,4,2.0,0.0,2025,,,
QRC,Mackey_Glass_(tau=100),1.5234916357129315e-05,4.686102514066447e-06,0.30758964501131264,2.3234982796603158e-05,7.528372012610549e-06,0.32401022537925706,0.5,1e-08,4,4.0,0.0,2025,,,
QRC,Mackey_Glass_(tau=100),1.0155571750352104e-05,2.151224781415318e-05,2.118270476835273,2.2280188259023063e-05,4.678509212607355e-05,2.099851741922623,0.5,1e-08,6,1.0,0.0,2025,,,
QRC,Mackey_Glass_(tau=100),1.058215883617429e-05,8.029238943018365e-06,0.7587524499793968,1.4049322136263772e-05,9.235559757239077e-06,0.6573669297111832,0.5,1e-08,6,2.0,0.0,2025,,,
QRC,Mackey_Glass_(tau=100),8.500847568549384e-06,9.218768979011136e-06,1.0844529212731504,1.952388946721642e-05,1.8801176378031733e-05,0.9629831396864732,0.5,1e-08,6,4.0,0.0,2025,,,
QRC,Mackey_Glass_(tau=100),4.0638827566294016e-05,6.037559728755705e-05,1.4856628722633913,5.272655150392998e-05,7.668053513416263e-05,1.4543059037048391,0.5,1e-08,8,1.0,0.0,2025,,,
QRC,Mackey_Glass_(tau=100),1.1531165881892614e-05,3.737092094946083e-06,0.3240862314550897,1.630793126059856e-05,6.80134979783296e-06,0.4170577916443416,0.5,1e-08,8,2.0,0.0,2025,,,
QRC,Mackey_Glass_(tau=100),1.2432444473030484e-05,4.76767182480312e-06,0.3834862753777472,2.3228082651855617e-05,9.086089315180947e-06,0.39116828760100386,0.5,1e-08,8,4.0,0.0,2025,,,
QRC,Mackey_Glass_(tau=100),6.237593522860032e-05,6.275509335029684e-05,1.0060785961814753,6.55629186537263e-05,9.698478207538368e-05,1.4792627306238983,0.5,1e-08,10,1.0,0.0,2025,,,
QRC,Mackey_Glass_(tau=100),8.288021570291639e-06,1.3083330650813648e-05,1.5785830840149795,1.4086686572996464e-05,1.672911590647974e-05,1.1875834547599498,0.5,1e-08,10,2.0,0.0,2025,,,
QRC,Mackey_Glass_(tau=100),1.2151768847893511e-05,3.155738206593347e-06,0.25969373233596266,2.1304039919202094e-05,9.252333292813198e-06,0.43429947220826126,0.5,1e-08,10,4.0,0.0,2025,,,
QRC,Mackey_Glass_(tau=100),0.0012962403201032633,2.3977564527593302e-18,1.8497777114110417e-15,0.001707190925193643,3.474986744813418e-18,2.035499775409864e-15,0.7,1e-08,1,1.0,0.0,2025,,,
QRC,Mackey_Glass_(tau=100),0.0012962403201032628,4.865420738549219e-18,3.7534866514271235e-15,0.0017071909251936419,6.791012389654609e-18,3.977886883908034e-15,0.7,1e-08,1,2.0,0.0,2025,,,
QRC,Mackey_Glass_(tau=100),0.0012962403201032626,3.0329486660341633e-18,2.3398042932290123e-15,0.0017071909251936419,4.472669961951059e-18,2.6199002677124333e-15,0.7,1e-08,1,4.0,0.0,2025,,,
QRC,Mackey_Glass_(tau=100),0.0005378661665363171,0.00036176212518845445,0.672587620667953,0.0006419567540011515,0.00038247566631615293,0.595796623265166,0.7,1e-08,2,1.0,0.0,2025,,,
QRC,Mackey_Glass_(tau=100),4.699661805212032e-05,1.892578170354272e-05,0.4027051836486105,9.377219779820517e-05,2.3714710654362773e-05,0.2528970335684793,0.7,1e-08,2,2.0,0.0,2025,,,
QRC,Mackey_Glass_(tau=100),5.181389537326867e-05,1.1373677214797626e-05,0.2195101744978129,0.00010586332434420396,1.7863120605708886e-05,0.1687375747584569,0.7,1e-08,2,4.0,0.0,2025,,,
QRC,Mackey_Glass_(tau=100),1.538215737371263e-05,3.132701260545053e-05,2.0365812053767502,2.37298843156508e-05,6.589647145387718e-05,2.776940274016247,0.7,1e-08,4,1.0,0.0,2025,,,
QRC,Mackey_Glass_(tau=100),1.19499286765783e-05,9.614682562300647e-06,0.8045807487659149,2.3367783126733768e-05,1.4783949703204344e-05,0.6326637671628704,0.7,1e-08,4,2.0,0.0,2025,,,
QRC,Mackey_Glass_(tau=100),9.87072559824922e-06,3.1234477620846244e-06,0.31643547690542967,1.400919084372154e-05,5.415783187376714e-06,0.38658786562279507,0.7,1e-08,4,4.0,0.0,2025,,,
QRC,Mackey_Glass_(tau=100),6.886002453629603e-06,1.566052903416758e-05,2.2742555117610994,1.3568171516076472e-05,3.3751096549519474e-05,2.487519892384094,0.7,1e-08,6,1.0,0.0,2025,,,
QRC,Mackey_Glass_(tau=100),7.217471553351697e-06,5.5115387959680755e-06,0.7636384508378964,1.0110476742622884e-05,6.377330497035229e-06,0.6307645682176611,0.7,1e-08,6,2.0,0.0,2025,,,
QRC,Mackey_Glass_(tau=100),6.1657591928075245e-06,5.807004454091432e-06,0.9418149934991644,1.3392623410053145e-05,1.1372835135893702e-05,0.8491865101916258,0.7,1e-08,6,4.0,0.0,2025,,,
QRC,Mackey_Glass_(tau=100),2.9310255519864347e-05,4.930454019911018e-05,1.6821600264008334,3.876983276784408e-05,5.625713526185503e-05,1.4510543699975673,0.7,1e-08,8,1.0,0.0,2025,,,
QRC,Mackey_Glass_(tau=100),7.730111805926568e-06,2.6921013468459035e-06,0.34826163119424836,1.1302464440506852e-05,4.4798747595000905e-06,0.39636265020615213,0.7,1e-08,8,2.0,0.0,2025,,,
QRC,Mackey_Glass_(tau=100),8.554675326520525e-06,3.3149204383732362e-06,0.3874981003775308,1.5836359995649836e-05,6.219294700330483e-06,0.3927224881247263,0.7,1e-08,8,4.0,0.0,2025,,,
QRC,Mackey_Glass_(tau=100),4.320675550194931e-05,5.287147188819355e-05,1.2236853074007885,4.6513529554908116e-05,7.760438637548319e-05,1.668426092753788,0.7,1e-08,10,1.0,0.0,2025,,,
QRC,Mackey_Glass_(tau=100),5.445436322184616e-06,1.0740156345585416e-05,1.972322456848903,9.312904840752692e-06,1.3482936681544742e-05,1.4477691882498627,0.7,1e-08,10,2.0,0.0,2025,,,
QRC,Mackey_Glass_(tau=100),8.65578668201147e-06,2.2732237739618396e-06,0.2626247454418063,1.478905116490836e-05,7.295922163558308e-06,0.49333267443621814,0.7,1e-08,10,4.0,0.0,2025,,,
QRC,Mackey_Glass_(tau=100),0.0008918563075225087,2.785173977366419e-18,3.122895419222145e-15,0.0011435253700945018,3.676999088511221e-18,3.2154941067965555e-15,0.9,1e-08,1,1.0,0.0,2025,,,
QRC,Mackey_Glass_(tau=100),0.0008918563075225105,3.3237794203697486e-18,3.726810465245105e-15,0.0011435253700945009,4.499824941986956e-18,3.935046007431467e-15,0.9,1e-08,1,2.0,0.0,2025,,,
QRC,Mackey_Glass_(tau=100),0.000891856307522509,3.595297391612143e-18,4.031251852217689e-15,0.0011435253700945022,4.74983604832459e-18,4.1536778916693895e-15,0.9,1e-08,1,4.0,0.0,2025,,,
QRC,Mackey_Glass_(tau=100),0.00036293245249462196,0.00025299033712291165,0.6970727896719584,0.0004396815499136878,0.0002711798345518615,0.6167641890024628,0.9,1e-08,2,1.0,0.0,2025,,,
QRC,Mackey_Glass_(tau=100),3.0137329322307356e-05,1.513951522884646e-05,0.5023509238969075,6.101004558026501e-05,2.1846218494762516e-05,0.35807576091746335,0.9,1e-08,2,2.0,0.0,2025,,,
QRC,Mackey_Glass_(tau=100),3.456493841062187e-05,9.151535027748004e-06,0.26476352768317735,6.866065283974445e-05,1.3424851864205897e-05,0.19552467547227975,0.9,1e-08,2,4.0,0.0,2025,,,
QRC,Mackey_Glass_(tau=100),1.1521059622970805e-05,2.055535013359429e-05,1.7841544793858046,1.6884278131636784e-05,4.3320915883723075e-05,2.5657546947506655,0.9,1e-08,4,1.0,0.0,2025,,,
QRC,Mackey_Glass_(tau=100),8.018127286800356e-06,7.2061918143421e-06,0.8987375177000639,1.6074087511760448e-05,1.0877965763392791e-05,0.6767392398127754,0.9,1e-08,4,2.0,0.0,2025,,,
QRC,Mackey_Glass_(tau=100),6.878373473148418e-06,2.2521048575114602e-06,0.3274182284959021,9.362528291778712e-06,4.1935796137549355e-06,0.4479110217949719,0.9,1e-08,4,4.0,0.0,2025,,,
QRC,Mackey_Glass_(tau=100),5.04512535700566e-06,1.2281591377704929e-05,2.43434811003273,9.095078477049163e-06,2.635290526277044e-05,2.897490695574566,0.9,1e-08,6,1.0,0.0,2025,,,
QRC,Mackey_Glass_(tau=100),4.969322237532609e-06,4.116454943426061e-06,0.8283735178884237,7.45659275768801e-06,4.8404833640801444e-06,0.6491548514687805,0.9,1e-08,6,2.0,0.0,2025,,,
QRC,Mackey_Glass_(tau=100),4.590794296945853e-06,3.955806432962836e-06,0.8616823532247003,9.92834958029119e-06,7.490677225103735e-06,0.7544735572137298,0.9,1e-08,6,4.0,0.0,2025,,,
QRC,Mackey_Glass_(tau=100),2.2792481996577157e-05,4.1275670772373356e-05,1.8109335691730237,2.992643487376116e-05,4.517440997702162e-05,1.5095152552444377,0.9,1e-08,8,1.0,0.0,2025,,,
QRC,Mackey_Glass_(tau=100),5.274965953146467e-06,2.1405647371013324e-06,0.4057968821248042,8.452239176148643e-06,3.1924698557408505e-06,0.37770699446717915,0.9,1e-08,8,2.0,0.0,2025,,,
QRC,Mackey_Glass_(tau=100),6.245991707592476e-06,2.44264584619499e-06,0.39107414171327975,1.1522834398653855e-05,4.523762779753741e-06,0.3925911475636781,0.9,1e-08,8,4.0,0.0,2025,,,
QRC,Mackey_Glass_(tau=100),3.313077649663704e-05,4.53549846473271e-05,1.3689683564141906,3.614130183854574e-05,6.37501581287024e-05,1.763914272194562,0.9,1e-08,10,1.0,0.0,2025,,,
QRC,Mackey_Glass_(tau=100),4.319579436435862e-06,8.867680810338579e-06,2.0529037469572295,6.798347390768779e-06,1.1030024344154106e-05,1.6224567104545677,0.9,1e-08,10,2.0,0.0,2025,,,
QRC,Mackey_Glass_(tau=100),6.793375204926677e-06,1.7808997477579596e-06,0.2621524196788688,1.0753835366478711e-05,5.8892875781476846e-06,0.5476453169913185,0.9,1e-08,10,4.0,0.0,2025,,,
Classical_ESN,Mackey_Glass_(tau=100),1.2855767240409471e-05,5.5759920921841765e-06,0.4337346801564038,2.4206390511654926e-05,1.930663337900423e-05,0.7975841490993234,0.1,1e-08,10,,,2025,50.0,0.9,0.1
Classical_ESN,Mackey_Glass_(tau=100),1.6999561018249761e-06,1.0876020227419294e-06,0.6397824164837796,3.8767881109682605e-06,2.0847086083617576e-06,0.537741178699881,0.3,1e-08,10,,,2025,50.0,0.9,0.1
Classical_ESN,Mackey_Glass_(tau=100),6.643924469249927e-07,2.7704783497098694e-07,0.41699425731470513,1.8815701847585184e-06,5.116923694841909e-07,0.2719496586569593,0.5,1e-08,10,,,2025,50.0,0.9,0.1
Classical_ESN,Mackey_Glass_(tau=100),3.5038538256463145e-07,2.0685208934825692e-07,0.5903559327567022,1.013829454016024e-06,2.914321127463863e-07,0.28745674293832474,0.7,1e-08,10,,,2025,50.0,0.9,0.1
Classical_ESN,Mackey_Glass_(tau=100),2.2640387488505254e-07,8.72094595781405e-08,0.3851942005074675,5.687649472284192e-07,2.220807227488326e-07,0.3904613387850776,0.9,1e-08,10,,,2025,50.0,0.9,0.1
Classical_ESN,Mackey_Glass_(tau=100),1.2397896414323221e-05,7.823089466928579e-06,0.6310013574472688,2.6086481524094907e-05,1.4778995159066479e-05,0.5665384634342423,0.1,1e-08,10,,,2025,50.0,0.9,0.2
Classical_ESN,Mackey_Glass_(tau=100),2.4424920605860052e-06,2.089534841370954e-06,0.8554929922145297,6.288793549233701e-06,2.9614437912857104e-06,0.47090809518569215,0.3,1e-08,10,,,2025,50.0,0.9,0.2
Classical_ESN,Mackey_Glass_(tau=100),6.703076078559177e-07,6.755473203824143e-07,1.0078168776022944,2.003721011846005e-06,1.286170950927659e-06,0.641891233022867,0.5,1e-08,10,,,2025,50.0,0.9,0.2
Classical_ESN,Mackey_Glass_(tau=100),3.709205294667096e-07,2.463190552393474e-07,0.6640750124925472,9.004215633115708e-07,4.94547979616487e-07,0.5492404888635032,0.7,1e-08,10,,,2025,50.0,0.9,0.2
Classical_ESN,Mackey_Glass_(tau=100),2.0680829123409582e-07,1.3405110556299024e-07,0.6481901898761477,5.429435625313429e-07,2.3792064433607282e-07,0.4382051114609876,0.9,1e-08,10,,,2025,50.0,0.9,0.2
Classical_ESN,Mackey_Glass_(tau=100),6.564585466564828e-05,5.455164151207248e-05,0.8309990294119626,0.00011666193242467065,4.527458079391709e-05,0.38808358350442357,0.1,1e-08,10,,,2025,50.0,1.1,0.1
Classical_ESN,Mackey_Glass_(tau=100),1.520393648948059e-05,5.869546761750774e-06,0.38605441201440427,2.7820337161857425e-05,1.1806865621403651e-05,0.4243969277838675,0.3,1e-08,10,,,2025,50.0,1.1,0.1
Classical_ESN,Mackey_Glass_(tau=100),4.87115815288911e-06,4.786913607891565e-06,0.9827054383468171,1.0957506090490716e-05,5.246619078207831e-06,0.4788150729627264,0.5,1e-08,10,,,2025,50.0,1.1,0.1
Classical_ESN,Mackey_Glass_(tau=100),1.6593517186443034e-06,2.866461713971398e-06,1.727458791143633,3.831688339751969e-06,2.82082043877927e-06,0.7361821183405187,0.7,1e-08,10,,,2025,50.0,1.1,0.1
Classical_ESN,Mackey_Glass_(tau=100),1.824901954222118e-06,1.8306424447449633e-06,1.0031456432547314,3.3121720158664453e-06,2.662078275299884e-06,0.8037258519628847,0.9,1e-08,10,,,2025,50.0,1.1,0.1
Classical_ESN,Mackey_Glass_(tau=100),8.54357609232812e-05,0.0008815360300577691,10.318115277856103,0.00012816911486374964,0.0011058833862039028,8.628314140887325,0.1,1e-08,10,,,2025,50.0,1.1,0.2
Classical_ESN,Mackey_Glass_(tau=100),1.7818426130252566e-05,5.768770373193278e-05,3.237530818391932,3.416923187293217e-05,8.747715163038962e-05,2.560114665606117,0.3,1e-08,10,,,2025,50.0,1.1,0.2
Classical_ESN,Mackey_Glass_(tau=100),6.09960408106701e-06,3.882459769709098e-05,6.365101272327064,1.1760554171715865e-05,6.619519636616644e-05,5.6285779904288775,0.5,1e-08,10,,,2025,50.0,1.1,0.2
Classical_ESN,Mackey_Glass_(tau=100),2.4612855315191374e-06,8.259687352964354e-06,3.355842809455093,5.101278958510387e-06,2.210495415658806e-05,4.333218068717982,0.7,1e-08,10,,,2025,50.0,1.1,0.2
Classical_ESN,Mackey_Glass_(tau=100),1.7010364821377058e-06,4.7650646088784753e-05,28.012712595618062,4.0906896799744115e-06,6.327625576400682e-05,15.468358813373161,0.9,1e-08,10,,,2025,50.0,1.1,0.2
Classical_ESN,Mackey_Glass_(tau=100),0.00036163887959314844,0.0017707974675540104,4.896590404068821,0.0005753306752476361,0.003232590054328725,5.618664523558284,0.1,1e-08,10,,,2025,50.0,1.25,0.1
Classical_ESN,Mackey_Glass_(tau=100),6.18655691570505e-05,0.0001544900388271796,2.497189324080973,9.22855102337965e-05,0.00011632166164178806,1.2604542289152247,0.3,1e-08,10,,,2025,50.0,1.25,0.1
Classical_ESN,Mackey_Glass_(tau=100),4.794625205409083e-05,6.754953861122708e-05,1.4088596233762067,4.9231025394249254e-05,0.0001054227105217384,2.1413876651460724,0.5,1e-08,10,,,2025,50.0,1.25,0.1
Classical_ESN,Mackey_Glass_(tau=100),3.354548934701899e-05,8.218218538242898e-05,2.4498729033962374,4.9074025905388286e-05,0.00011664398051567378,2.376898539780621,0.7,1e-08,10,,,2025,50.0,1.25,0.1
Classical_ESN,Mackey_Glass_(tau=100),5.175999097886609e-05,0.0005066698730306863,9.788832328768423,0.00011897502940250848,0.0005802432250018205,4.877016865772563,0.9,1e-08,10,,,2025,50.0,1.25,0.1
Classical_ESN,Mackey_Glass_(tau=100),0.0003356709629335708,0.052013996846565845,154.95530620817922,0.00040602934555457126,0.05950084936415283,146.54322406890114,0.1,1e-08,10,,,2025,50.0,1.25,0.2
Classical_ESN,Mackey_Glass_(tau=100),4.9157554266058876e-05,0.0006140268336918731,12.490996406544813,6.912282779991127e-05,0.00041604958079604633,6.018989587642137,0.3,1e-08,10,,,2025,50.0,1.25,0.2
Classical_ESN,Mackey_Glass_(tau=100),3.561587732135362e-05,0.0003282284116945319,9.215789035126237,6.238816855275786e-05,0.0005458023290494027,8.748490967287347,0.5,1e-08,10,,,2025,50.0,1.25,0.2
Classical_ESN,Mackey_Glass_(tau=100),2.827896450890014e-05,0.00039437028007896654,13.94571148299464,4.132403721718514e-05,0.0004304289080966926,10.415945224192498,0.7,1e-08,10,,,2025,50.0,1.25,0.2
Classical_ESN,Mackey_Glass_(tau=100),0.00010486283191872826,0.0005103612452751584,4.8669412787812485,0.00017277536644125444,0.0007861528805727035,4.55014448393605,0.9,1e-08,10,,,2025,50.0,1.25,0.2
Classical_ESN,Mackey_Glass_(tau=100),4.345416754417331e-06,4.209297082431362e-06,0.9686751168693782,1.1962580444974047e-05,8.735804316906059e-06,0.7302608627870348,0.1,1e-08,10,,,2025,100.0,0.9,0.1
Classical_ESN,Mackey_Glass_(tau=100),4.825529883971516e-07,3.8296623040117765e-07,0.7936252382836517,1.1585920588655804e-06,5.060776252216574e-07,0.43680398234144324,0.3,1e-08,10,,,2025,100.0,0.9,0.1
Classical_ESN,Mackey_Glass_(tau=100),2.0444746770213312e-07,7.240854304831174e-08,0.3541669841262419,6.055657547593259e-07,1.4333770512977188e-07,0.2367004805064308,0.5,1e-08,10,,,2025,100.0,0.9,0.1
Classical_ESN,Mackey_Glass_(tau=100),1.5096060933862586e-07,3.954327025155272e-08,0.26194429410954223,4.323576234622196e-07,5.490965848946276e-08,0.1270005558124752,0.7,1e-08,10,,,2025,100.0,0.9,0.1
Classical_ESN,Mackey_Glass_(tau=100),1.3228263393859545e-07,1.9448859506723566e-08,0.14702503970212427,3.715180740875359e-07,3.991949356032561e-08,0.10744966757907963,0.9,1e-08,10,,,2025,100.0,0.9,0.1
Classical_ESN,Mackey_Glass_(tau=100),9.259109870909616e-06,1.6169426025908874e-05,1.7463261859231387,1.106389661310812e-05,1.1408124251377557e-05,1.0311126947680989,0.1,1e-08,10,,,2025,100.0,0.9,0.2
Classical_ESN,Mackey_Glass_(tau=100),4.882017397695238e-07,2.5152138660225347e-07,0.5151996933091527,1.2597023374328064e-06,4.157610537501935e-07,0.3300470606393318,0.3,1e-08,10,,,2025,100.0,0.9,0.2
Classical_ESN,Mackey_Glass_(tau=100),2.6965871332569977e-07,8.006087118844068e-08,0.2968970303278922,6.434199285619316e-07,1.2325349527594551e-07,0.1915599592188912,0.5,1e-08,10,,,2025,100.0,0.9,0.2
Classical_ESN,Mackey_Glass_(tau=100),1.7791195806807404e-07,3.8822055266174925e-08,0.218209364270616,4.5190699215277194e-07,4.5468766065137184e-08,0.10061531875958668,0.7,1e-08,10,,,2025,100.0,0.9,0.2
Classical_ESN,Mackey_Glass_(tau=100),1.356816778813156e-07,2.0510883026678315e-08,0.15116914344632246,3.8211543668399567e-07,3.6823007041135636e-08,0.09636618546658655,0.9,1e-08,10,,,2025,100.0,0.9,0.2
Classical_ESN,Mackey_Glass_(tau=100),0.0004473299279789602,0.0033537271736888983,7.497211708684597,0.00202718410015913,0.0025188499506848786,1.2425363589262335,0.1,1e-08,10,,,2025,100.0,1.1,0.1
Classical_ESN,Mackey_Glass_(tau=100),1.5733974956342723e-05,3.1166581587280166e-05,1.9808460146757898,1.7633724293853018e-05,3.941964261797262e-05,2.2354689208628495,0.3,1e-08,10,,,2025,100.0,1.1,0.1
Classical_ESN,Mackey_Glass_(tau=100),7.632182048256997e-06,5.587816621174237e-06,0.7321388019629795,8.711567970528368e-06,1.1047155865778715e-05,1.2681018965990676,0.5,1e-08,10,,,2025,100.0,1.1,0.1
Classical_ESN,Mackey_Glass_(tau=100),3.053605225020874e-06,2.0225427588506498e-06,0.6623458534450287,2.500678161139087e-06,1.4378218362351638e-05,5.749727648200118,0.7,1e-08,10,,,2025,100.0,1.1,0.1
Classical_ESN,Mackey_Glass_(tau=100),2.3838948387637695e-06,3.22142113213941e-06,1.3513268621404295,2.781279543615422e-06,5.368779884666378e-06,1.930327318945952,0.9,1e-08,10,,,2025,100.0,1.1,0.1
Classical_ESN,Mackey_Glass_(tau=100),0.00022951812036405594,0.0012104131856578572,5.273715137340485,0.00037743348153683443,0.0005820477949311642,1.5421201970773255,0.1,1e-08,10,,,2025,100.0,1.1,0.2
Classical_ESN,Mackey_Glass_(tau=100),7.357431807636549e-06,3.985874502928051e-06,0.5417480728521283,9.30718506836009e-06,6.799768915808164e-06,0.7305935001683889,0.3,1e-08,10,,,2025,100.0,1.1,0.2
Classical_ESN,Mackey_Glass_(tau=100),2.4534284460138788e-06,3.162279560527315e-06,1.288922677025742,3.7774929433100473e-06,3.7728229640372965e-06,0.9987637358049811,0.5,1e-08,10,,,2025,100.0,1.1,0.2
Classical_ESN,Mackey_Glass_(tau=100),1.0010267221717198e-06,1.2916214529003994e-06,1.290296676694341,1.4830064573613109e-06,2.1678563935094617e-06,1.4617983507412997,0.7,1e-08,10,,,2025,100.0,1.1,0.2
Classical_ESN,Mackey_Glass_(tau=100),5.876104292344201e-07,8.016710632934706e-07,1.3642900524041814,1.1367037072380174e-06,1.5186648467609078e-06,1.3360252430697057,0.9,1e-08,10,,,2025,100.0,1.1,0.2
Classical_ESN,Mackey_Glass_(tau=100),0.006229256069452352,0.0911059675129569,14.625497249941521,0.004067803286712879,0.04094442779597153,10.065488645852884,0.1,1e-08,10,,,2025,100.0,1.25,0.1
Classical_ESN,Mackey_Glass_(tau=100),4.74253007342249e-05,0.000326629809483003,6.887248039046964,4.1190235054526526e-05,0.0002650219406651768,6.434096341386446,0.3,1e-08,10,,,2025,100.0,1.25,0.1
Classical_ESN,Mackey_Glass_(tau=100),3.862134974911923e-05,8.101681996155482e-05,2.097721091775215,3.705304131219335e-05,0.00014069447988463725,3.7971101669955973,0.5,1e-08,10,,,2025,100.0,1.25,0.1
Classical_ESN,Mackey_Glass_(tau=100),1.8361982979264605e-05,8.436820048065465e-05,4.594721636324793,2.1703894307140673e-05,0.0001409117415032578,6.492463495682304,0.7,1e-08,10,,,2025,100.0,1.25,0.1
Classical_ESN,Mackey_Glass_(tau=100),1.3291994732679735e-05,0.00012471223313301736,9.38250696311213,2.3260142693302603e-05,0.0002122179005691436,9.123671482473254,0.9,1e-08,10,,,2025,100.0,1.25,0.1
Classical_ESN,Mackey_Glass_(tau=100),0.0015375733816752311,11.786985879863824,7665.966398964034,0.0015584705801269937,11.978700134583697,7686.189452230532,0.1,1e-08,10,,,2025,100.0,1.25,0.2
Classical_ESN,Mackey_Glass_(tau=100),1.8206890712308907e-05,0.0026859457825862817,147.52358461570967,2.6892371467991698e-05,0.0017371993410040323,64.59822046827338,0.3,1e-08,10,,,2025,100.0,1.25,0.2
Classical_ESN,Mackey_Glass_(tau=100),7.814997738394413e-06,9.105712992077037e-05,11.651587494826071,1.1210625306932713e-05,0.0002864384660503569,25.550623467294173,0.5,1e-08,10,,,2025,100.0,1.25,0.2
Classical_ESN,Mackey_Glass_(tau=100),3.444767956974577e-06,6.247027484357622e-05,18.13482812887105,7.575692332847799e-06,0.00012572890847910653,16.59635884814813,0.7,1e-08,10,,,2025,100.0,1.25,0.2
Classical_ESN,Mackey_Glass_(tau=100),1.9765473068591048e-06,0.00017414023841119783,88.1032484306793,3.3693599050207523e-06,0.0006671790745950574,198.01359706360847,0.9,1e-08,10,,,2025,100.0,1.25,0.2
Classical_ESN,Mackey_Glass_(tau=100),1.0158003020906333e-05,9.308186963544584e-06,0.9163402436864087,1.3374715383359658e-05,2.28443667802456e-05,1.708026386016987,0.1,1e-08,10,,,2025,150.0,0.9,0.1
Classical_ESN,Mackey_Glass_(tau=100),4.6707079466048917e-07,2.473310410022313e-07,0.5295365152985313,1.009140190755563e-06,5.208896927716654e-07,0.5161717842014251,0.3,1e-08,10,,,2025,150.0,0.9,0.1
Classical_ESN,Mackey_Glass_(tau=100),2.1658342429976512e-07,6.728862331292004e-08,0.3106822395595165,5.643427140447006e-07,1.4937540172432469e-07,0.26468916494683925,0.5,1e-08,10,,,2025,150.0,0.9,0.1
Classical_ESN,Mackey_Glass_(tau=100),1.5385669952093365e-07,2.3115377809578424e-08,0.1502396573015877,4.474460520550327e-07,5.67689915993188e-08,0.1268733768877608,0.7,1e-08,10,,,2025,150.0,0.9,0.1
Classical_ESN,Mackey_Glass_(tau=100),1.3725810283318597e-07,1.4601104581738292e-08,0.10637699545857389,3.710128314660263e-07,3.9899936984056117e-08,0.10754328044772694,0.9,1e-08,10,,,2025,150.0,0.9,0.1
Classical_ESN,Mackey_Glass_(tau=100),6.471010750355838e-06,2.374414504602619e-05,3.6693100911199243,9.636992862524225e-06,5.5737016791358016e-05,5.783652388921535,0.1,1e-08,10,,,2025,150.0,0.9,0.2
Classical_ESN,Mackey_Glass_(tau=100),3.304926429889902e-07,1.7320834755635984e-07,0.5240913866942871,8.445157959195428e-07,3.4650211142325185e-07,0.410296779642785,0.3,1e-08,10,,,2025,150.0,0.9,0.2
Classical_ESN,Mackey_Glass_(tau=100),2.032953980357434e-07,6.687478018100671e-08,0.3289537334694059,5.665715013111466e-07,1.1356637562178428e-07,0.20044491358808483,0.5,1e-08,10,,,2025,150.0,0.9,0.2
Classical_ESN,Mackey_Glass_(tau=100),1.5310360654968456e-07,1.6720888698498327e-08,0.1092128988684021,4.2012678033423005e-07,5.199915709266757e-08,0.12377015588318332,0.7,1e-08,10,,,2025,150.0,0.9,0.2
Classical_ESN,Mackey_Glass_(tau=100),1.3504907714567643e-07,1.2345006485522168e-08,0.09141126134616753,3.67356332677993e-07,2.7287279854909888e-08,0.07428014009174197,0.9,1e-08,10,,,2025,150.0,0.9,0.2
Classical_ESN,Mackey_Glass_(tau=100),0.0028142938931548954,0.0799005070419341,28.390960601617763,0.004146689120819129,0.1580821653405538,38.122502250500645,0.1,1e-08,10,,,2025,150.0,1.1,0.1
Classical_ESN,Mackey_Glass_(tau=100),1.8323147561721547e-05,0.00025978179566804653,14.17779313259205,2.578152380688757e-05,0.00012353348313843957,4.791550882087018,0.3,1e-08,10,,,2025,150.0,1.1,0.1
Classical_ESN,Mackey_Glass_(tau=100),6.329407435476976e-06,4.098267367222516e-05,6.474962165101441,6.735275700640287e-06,2.0527192337980776e-05,3.0477137463028225,0.5,1e-08,10,,,2025,150.0,1.1,0.1
Classical_ESN,Mackey_Glass_(tau=100),2.058937949714481e-06,7.17663320767596e-06,3.485599558097982,1.7040102390589225e-06,4.247718089759082e-06,2.4927773275030196,0.7,1e-08,10,,,2025,150.0,1.1,0.1
Classical_ESN,Mackey_Glass_(tau=100),5.04411274733686e-07,4.66013745677534e-06,9.238765448365033,1.0981590054296284e-06,4.676266478763998e-06,4.258278132440867,0.9,1e-08,10,,,2025,150.0,1.1,0.1
Classical_ESN,Mackey_Glass_(tau=100),0.001331351285466505,0.005552688248960396,4.1707161059409925,0.0019017254912789198,0.015925097493209747,8.374025360779088,0.1,1e-08,10,,,2025,150.0,1.1,0.2
Classical_ESN,Mackey_Glass_(tau=100),1.4305668621881439e-05,0.00015736769829673833,11.000373520188656,1.3398542733891577e-05,0.00011559683291773719,8.62756758056496,0.3,1e-08,10,,,2025,150.0,1.1,0.2
Classical_ESN,Mackey_Glass_(tau=100),5.543384911494945e-06,3.259921447220479e-05,5.880741639391843,4.21677287622524e-06,2.1027686682072173e-05,4.986677561086877,0.5,1e-08,10,,,2025,150.0,1.1,0.2
Classical_ESN,Mackey_Glass_(tau=100),1.6322302200342385e-06,9.399727218921504e-06,5.7588244008399325,1.967758967726136e-06,4.398110826732359e-06,2.235086155808321,0.7,1e-08,10,,,2025,150.0,1.1,0.2
Classical_ESN,Mackey_Glass_(tau=100),6.233932829742831e-07,6.1057433288886285e-06,9.794368171176636,8.470367758276744e-07,4.534047138704238e-06,5.35283386518116,0.9,1e-08,10,,,2025,150.0,1.1,0.2
Classical_ESN,Mackey_Glass_(tau=100),0.022845299715613294,0.2941295967198951,12.874840793569296,0.017709322486301287,0.2569176435685979,14.507480100796162,0.1,1e-08,10,,,2025,150.0,1.25,0.1
Classical_ESN,Mackey_Glass_(tau=100),0.0002777943858604774,0.011780274344185859,42.40645219555487,0.00021948628016275619,0.0027542145184894402,12.548458684739206,0.3,1e-08,10,,,2025,150.0,1.25,0.1
Classical_ESN,Mackey_Glass_(tau=100),2.362502699237587e-05,0.00025292277548254595,10.705713714704652,6.787832869116172e-05,0.0008503516880084584,12.527587293397527,0.5,1e-08,10,,,2025,150.0,1.25,0.1
Classical_ESN,Mackey_Glass_(tau=100),2.530008784681086e-05,8.471684984861e-05,3.348480462264038,2.623968100269229e-05,8.837898466954905e-05,3.368142496110415,0.7,1e-08,10,,,2025,150.0,1.25,0.1
Classical_ESN,Mackey_Glass_(tau=100),1.2060695072307985e-05,0.00011985301283501379,9.937488023406118,2.2459622169523278e-05,0.00016355156652360332,7.282026620444917,0.9,1e-08,10,,,2025,150.0,1.25,0.1
Classical_ESN,Mackey_Glass_(tau=100),0.0493052389982944,5.089241042512942,103.21907257541115,0.05209713221791337,1.7668150815284993,33.91386447411759,0.1,1e-08,10,,,2025,150.0,1.25,0.2
Classical_ESN,Mackey_Glass_(tau=100),0.0005137175519829833,0.007814855461215318,15.212358291145526,0.00047385657899631843,0.004250180784292941,8.9693400338459,0.3,1e-08,10,,,2025,150.0,1.25,0.2
Classical_ESN,Mackey_Glass_(tau=100),0.00020016204953272865,0.00045433934839045543,2.2698575951390128,7.143156437645323e-05,0.0003796680672680305,5.315130231043696,0.5,1e-08,10,,,2025,150.0,1.25,0.2
Classical_ESN,Mackey_Glass_(tau=100),6.289571147573835e-05,0.00022343257510745683,3.552429408380961,2.7704710152699894e-05,0.00017569639688309283,6.341751850667558,0.7,1e-08,10,,,2025,150.0,1.25,0.2
Classical_ESN,Mackey_Glass_(tau=100),6.511853259573816e-05,0.0001967582402382204,3.0215398350530047,0.00010411558329003952,0.00020589186722587405,1.9775317077397694,0.9,1e-08,10,,,2025,150.0,1.25,0.2
QRC,ARMA_1_2_stochastic,0.022588416626066175,1.1695503289153206e-17,5.177655203887571e-16,0.018434734477901837,1.0667940347566898e-17,5.786869542577257e-16,0.1,1e-08,1,1.0,0.0,2025,,,
QRC,ARMA_1_2_stochastic,0.02258841662606617,1.3477767272949779e-17,5.9666719877111485e-16,0.018434734477901837,9.757162438017984e-18,5.292814197955567e-16,0.1,1e-08,1,2.0,0.0,2025,,,
QRC,ARMA_1_2_stochastic,0.02258841662606617,9.238707347049927e-18,4.0900198982467904e-16,0.01843473447790184,7.966689770198119e-18,4.321564696116443e-16,0.1,1e-08,1,4.0,0.0,2025,,,
QRC,ARMA_1_2_stochastic,0.011336843656948087,0.0014695777615305328,0.1296284756145387,0.009682628994724078,0.0011266588206675626,0.11635877211462531,0.1,1e-08,2,1.0,0.0,2025,,,
QRC,ARMA_1_2_stochastic,0.011364090392928815,5.1882878675881305e-05,0.0045655109104169814,0.009647812842723709,1.815256944899825e-05,0.0018815217236193328,0.1,1e-08,2,2.0,0.0,2025,,,
QRC,ARMA_1_2_stochastic,0.011344165055478583,4.016159183299192e-05,0.003540286273743537,0.009642569404679863,1.4892843414628167e-05,0.0015444891075816545,0.1,1e-08,2,4.0,0.0,2025,,,
QRC,ARMA_1_2_stochastic,0.009718431375743115,0.0003804004342473464,0.03914216395012197,0.008632581929153341,0.00014597506625427066,0.01690978057923714,0.1,1e-08,4,1.0,0.0,2025,,,
QRC,ARMA_1_2_stochastic,0.009712720803485689,6.296169074176157e-05,0.0064823947908773365,0.008695204786116526,4.013369373754871e-05,0.004615612251206486,0.1,1e-08,4,2.0,0.0,2025,,,
QRC,ARMA_1_2_stochastic,0.00968697789576724,7.71258297894568e-05,0.007961805076809065,0.008669625689634815,5.8189161490666706e-05,0.006711842422474617,0.1,1e-08,4,4.0,0.0,2025,,,
QRC,ARMA_1_2_stochastic,0.009186743716720767,0.0012215070311154736,0.1329640913887923,0.008339389431825047,0.0006657020402612889,0.07982623256815605,0.1,1e-08,6,1.0,0.0,2025,,,
QRC,ARMA_1_2_stochastic,0.009138722493641699,6.935926031324107e-05,0.00758960132135515,0.008191673820937929,6.496073284663639e-05,0.007930092709575016,0.1,1e-08,6,2.0,0.0,2025,,,
QRC,ARMA_1_2_stochastic,0.009158804370897467,0.00010224878578195761,0.011163988402990455,0.008164513190563594,0.00011926743303721649,0.014608027478608739,0.1,1e-08,6,4.0,0.0,2025,,,
QRC,ARMA_1_2_stochastic,0.009271416125895592,0.003045993147323909,0.32853591144682603,0.008328902573252576,0.0018663816447694076,0.22408494136587723,0.1,1e-08,8,1.0,0.0,2025,,,
QRC,ARMA_1_2_stochastic,0.00874271786675278,0.00016010708604509023,0.018313193732803962,0.008003037847154905,8.26563493439735e-05,0.01032812176108326,0.1,1e-08,8,2.0,0.0,2025,,,
QRC,ARMA_1_2_stochastic,0.008885833773304866,0.00025143217410621415,0.028295844883073948,0.008071990465528815,0.00010195679538570627,0.01263093605240363,0.1,1e-08,8,4.0,0.0,2025,,,
QRC,ARMA_1_2_stochastic,0.009238536187797792,0.00082340212372132,0.08912690354656672,0.008049713957966368,0.0005774528206371299,0.07173581864553782,0.1,1e-08,10,1.0,0.0,2025,,,
QRC,ARMA_1_2_stochastic,0.009018543734563416,0.00036261001914007074,0.04020715869574087,0.007821501660361972,0.0002981490250313488,0.038119153837467924,0.1,1e-08,10,2.0,0.0,2025,,,
QRC,ARMA_1_2_stochastic,0.008884470561716139,0.00033690059619990504,0.03792016573859059,0.007961362852445433,0.00014543886053453814,0.018268085908163922,0.1,1e-08,10,4.0,0.0,2025,,,
QRC,ARMA_1_2_stochastic,0.018209158855034525,6.698164933562225e-18,3.678459278040894e-16,0.015455479955789601,1.8727418935518734e-17,1.2117008976161538e-15,0.3,1e-08,1,1.0,0.0,2025,,,
QRC,ARMA_1_2_stochastic,0.018209158855034525,5.23038807712379e-18,2.872394117028462e-16,0.015455479955789605,1.2886300624481971e-17,8.337690360534406e-16,0.3,1e-08,1,2.0,0.0,2025,,,
QRC,ARMA_1_2_stochastic,0.01820915885503453,5.633300360116588e-18,3.0936631422483713e-16,0.015455479955789605,1.448543678610467e-17,9.37236295963649e-16,0.3,1e-08,1,4.0,0.0,2025,,,
QRC,ARMA_1_2_stochastic,0.011241522131737675,0.0017185316282992834,0.1528735706926584,0.009559813114592655,0.0014811281344423684,0.1549327499071596,0.3,1e-08,2,1.0,0.0,2025,,,
QRC,ARMA_1_2_stochastic,0.011198726487101528,5.5561965085623415e-05,0.0049614538893881,0.009456455297045316,2.4651907698273822e-05,0.0026068867164186086,0.3,1e-08,2,2.0,0.0,2025,,,
QRC,ARMA_1_2_stochastic,0.011166933617925059,0.0001007197854186957,0.009019466656184041,0.00946712507728276,3.551063460855966e-05,0.0037509417398287792,0.3,1e-08,2,4.0,0.0,2025,,,
QRC,ARMA_1_2_stochastic,0.009852527157660466,0.0006159170493078027,0.06251361091950093,0.008753773099941502,0.0003815249261344485,0.043584054758855705,0.3,1e-08,4,1.0,0.0,2025,,,
QRC,ARMA_1_2_stochastic,0.00972209581092153,9.03769332861465e-05,0.009296034007875091,0.008696321091616974,5.742273285466787e-05,0.00660310633079336,0.3,1e-08,4,2.0,0.0,2025,,,
QRC,ARMA_1_2_stochastic,0.009736935441193908,0.0001525988407231217,0.01567216314052202,0.008684754742015022,9.796499501007834e-05,0.01128011071356388,0.3,1e-08,4,4.0,0.0,2025,,,
QRC,ARMA_1_2_stochastic,0.009566566113349523,0.0018098972975568212,0.18918985936147212,0.008457498738785315,0.001455335223122426,0.17207631571357995,0.3,1e-08,6,1.0,0.0,2025,,,
QRC,ARMA_1_2_stochastic,0.009281415004111926,0.0003253589423849001,0.035054885730328514,0.008212786841762963,0.00011558543375853025,0.01407383827019168,0.3,1e-08,6,2.0,0.0,2025,,,
QRC,ARMA_1_2_stochastic,0.00939549481195836,0.00023486365833536813,0.02499747624110646,0.008259107585606195,0.00020398147551051022,0.02469776224564564,0.3,1e-08,6,4.0,0.0,2025,,,
QRC,ARMA_1_2_stochastic,0.011712224988532222,0.002691601786919023,0.22981131164697127,0.010255767800152402,0.0018127209031411496,0.1767513596704298,0.3,1e-08,8,1.0,0.0,2025,,,
QRC,ARMA_1_2_stochastic,0.00897757504389,0.0004199097696578016,0.04677318402852959,0.008191877860104136,0.00021070062972538954,0.02572067520092531,0.3,1e-08,8,2.0,0.0,2025,,,
QRC,ARMA_1_2_stochastic,0.009369033697562517,0.0005999915483993538,0.06403985381709641,0.008405086207465691,0.00026841663024728676,0.03193502405827435,0.3,1e-08,8,4.0,0.0,2025,,,
QRC,ARMA_1_2_stochastic,0.009833527755814074,0.0017026986439988472,0.1731523707747839,0.008524298609905378,0.0012179192733433775,0.14287618595718068,0.3,1e-08,10,1.0,0.0,2025,,,
QRC,ARMA_1_2_stochastic,0.009557468365214478,0.0004994949656578076,0.0522622672208655,0.00811040167082875,0.0004960785977813438,0.06116572494376258,0.3,1e-08,10,2.0,0.0,2025,,,
QRC,ARMA_1_2_stochastic,0.009539952699628367,0.0006542845294179665,0.06858362405124445,0.00839960909053975,0.000350146179925823,0.041686008973939405,0.3,1e-08,10,4.0,0.0,2025,,,
QRC,ARMA_1_2_stochastic,0.015445248001194964,6.2764656925485474e-18,4.0636872208610383e-16,0.013173250164079478,1.2255191035266631e-17,9.30308836666885e-16,0.5,1e-08,1,1.0,0.0,2025,,,
QRC,ARMA_1_2_stochastic,0.015445248001194964,6.405890972845076e-18,4.1474834022409136e-16,0.01317325016407948,1.08585678233754e-17,8.24289198802608e-16,0.5,1e-08,1,2.0,0.0,2025,,,
QRC,ARMA_1_2_stochastic,0.015445248001194964,8.65783280378255e-18,5.605499376321256e-16,0.01317325016407948,1.6398747246934527e-17,1.2448520329212497e-15,0.5,1e-08,1,4.0,0.0,2025,,,
QRC,ARMA_1_2_stochastic,0.011109343310062705,0.0016718098958753897,0.15048683339915195,0.009438110745438584,0.0014350380800151284,0.15204717540623042,0.5,1e-08,2,1.0,0.0,2025,,,
QRC,ARMA_1_2_stochastic,0.011019933498887347,6.83206214039033e-05,0.0061997308251271616,0.009255289251891731,3.653661871268608e-05,0.003947647417417904,0.5,1e-08,2,2.0,0.0,2025,,,
QRC,ARMA_1_2_stochastic,0.011025699468452211,8.486435460798746e-05,0.007696958805272127,0.009270418760532277,3.78929505146129e-05,0.004087512278942318,0.5,1e-08,2,4.0,0.0,2025,,,
QRC,ARMA_1_2_stochastic,0.00977567365092517,0.00047071866196587677,0.048152043406372094,0.00881409821156986,0.0003781741769763606,0.042905600538912625,0.5,1e-08,4,1.0,0.0,2025,,,
QRC,ARMA_1_2_stochastic,0.009662322481409014,0.00012020301963651714,0.012440385825229511,0.008617468806343983,5.892433378136763e-05,0.0068377774385430775,0.5,1e-08,4,2.0,0.0,2025,,,
QRC,ARMA_1_2_stochastic,0.009676738904250623,0.00012703657424297294,0.013128035746337086,0.008633107204103145,0.0001206570628919044,0.013976087640213537,0.5,1e-08,4,4.0,0.0,2025,,,
QRC,ARMA_1_2_stochastic,0.009693970112983704,0.001844163916018683,0.19023825063672167,0.00852001147323554,0.0017530942903418044,0.2057619635664708,0.5,1e-08,6,1.0,0.0,2025,,,
QRC,ARMA_1_2_stochastic,0.009343198003738484,0.0005630834612824049,0.06026667325867427,0.008167519921456446,0.00015667979917676433,0.019183277259619456,0.5,1e-08,6,2.0,0.0,2025,,,
QRC,ARMA_1_2_stochastic,0.009396866233784024,0.0003333604570942327,0.035475705283078376,0.008310759354709915,0.00023089912772589864,0.02778315649279898,0.5,1e-08,6,4.0,0.0,2025,,,
QRC,ARMA_1_2_stochastic,0.012562900739801113,0.0024606733187830733,0.1958682449020153,0.010817534652625128,0.0017022748405170404,0.1573625502649944,0.5,1e-08,8,1.0,0.0,2025,,,
QRC,ARMA_1_2_stochastic,0.009076837533190817,0.0005102026288056495,0.05620929392423486,0.008226496211214476,0.00019696300192024665,0.023942514147364938,0.5,1e-08,8,2.0,0.0,2025,,,
QRC,ARMA_1_2_stochastic,0.009686586879839112,0.0006669845206910847,0.06885650528560198,0.008571088246436627,0.00029500438364103596,0.034418544665396726,0.5,1e-08,8,4.0,0.0,2025,,,
QRC,ARMA_1_2_stochastic,0.010696773729227171,0.001982347947705954,0.18532204175633957,0.008901952188112457,0.0016218674503955485,0.18219233445910524,0.5,1e-08,10,1.0,0.0,2025,,,
QRC,ARMA_1_2_stochastic,0.009625388203368047,0.0005468017360245615,0.05680827873864127,0.008197270725084855,0.0005534084642591921,0.06751130746062599,0.5,1e-08,10,2.0,0.0,2025,,,
QRC,ARMA_1_2_stochastic,0.009776973770541495,0.0006601869456202339,0.06752467185801499,0.008364345307128733,0.00038605908244864704,0.04615532576346628,0.5,1e-08,10,4.0,0.0,2025,,,
QRC,ARMA_1_2_stochastic,0.01358694723327284,6.819591706505733e-18,5.019222927285205e-16,0.011485998978235186,9.601716164507468e-18,8.35949592430032e-16,0.7,1e-08,1,1.0,0.0,2025,,,
QRC,ARMA_1_2_stochastic,0.013586947233272846,4.559746612736524e-18,3.3559758012235727e-16,0.011485998978235183,5.8710960553393736e-18,5.111524096828245e-16,0.7,1e-08,1,2.0,0.0,2025,,,
QRC,ARMA_1_2_stochastic,0.01358694723327284,8.5784742749738e-18,6.313761382664476e-16,0.01148599897823519,1.2018516789897274e-17,1.0463623418973963e-15,0.7,1e-08,1,4.0,0.0,2025,,,
QRC,ARMA_1_2_stochastic,0.010901341854754634,0.0016155462353179759,0.14819700701463218,0.009263795510463309,0.0013493931409344826,0.14566309666597935,0.7,1e-08,2,1.0,0.0,2025,,,
QRC,ARMA_1_2_stochastic,0.010796505504353068,6.123419917099104e-05,0.005671668406624892,0.009020539530946718,3.381206731572426e-05,0.0037483420143246834,0.7,1e-08,2,2.0,0.0,2025,,,
QRC,ARMA_1_2_stochastic,0.01081680708027522,7.077635344931574e-05,0.006543183485113514,0.009054679016795538,3.28721703199066e-05,0.003630407025906933,0.7,1e-08,2,4.0,0.0,2025,,,
QRC,ARMA_1_2_stochastic,0.009738953680478274,0.0004256936830825925,0.04371041254009608,0.008832069083877105,0.00034660994085712805,0.03924447800004901,0.7,1e-08,4,1.0,0.0,2025,,,
QRC,ARMA_1_2_stochastic,0.009576032624266057,0.0001425979043699409,0.014891125580398712,0.008549573670576292,6.968734650880434e-05,0.008150973275853063,0.7,1e-08,4,2.0,0.0,2025,,,
QRC,ARMA_1_2_stochastic,0.009620322535949093,9.937538069337403e-05,0.010329734821470843,0.008558925198843707,0.00012136566331088167,0.014180012150039343,0.7,1e-08,4,4.0,0.0,2025,,,
QRC,ARMA_1_2_stochastic,0.009750930297126965,0.001896421197827121,0.1944861813221951,0.008458301738978165,0.0019470643994673592,0.23019566569666752,0.7,1e-08,6,1.0,0.0,2025,,,
QRC,ARMA_1_2_stochastic,0.009266355429276047,0.0006000794439726172,0.06475894957328435,0.008121527793699658,0.00017882334252595957,0.022018436317447963,0.7,1e-08,6,2.0,0.0,2025,,,
QRC,ARMA_1_2_stochastic,0.009357607299010645,0.00036474584530048134,0.03897853731680372,0.008211377410045396,0.00022479904596345036,0.0273765331609825,0.7,1e-08,6,4.0,0.0,2025,,,
QRC,ARMA_1_2_stochastic,0.012109086231987738,0.002835133681376241,0.2341327518080484,0.01093478386285149,0.0017785603985274673,0.16265162812863024,0.7,1e-08,8,1.0,0.0,2025,,,
QRC,ARMA_1_2_stochastic,0.009184389260046813,0.00047733644474814166,0.05197258426584901,0.00822732838421391,0.00015931607191758756,0.019364253434112758,0.7,1e-08,8,2.0,0.0,2025,,,
QRC,ARMA_1_2_stochastic,0.009582396463688142,0.0006045758008478437,0.06309233844986938,0.00855171180814984,0.00031205232048565565,0.03649004169998662,0.7,1e-08,8,4.0,0.0,2025,,,
QRC,ARMA_1_2_stochastic,0.010784822242278499,0.0021634081739406964,0.20059748091718527,0.00892925372170238,0.0018474008628500665,0.20689308652524838,0.7,1e-08,10,1.0,0.0,2025,,,
QRC,ARMA_1_2_stochastic,0.009600591137894555,0.0005988531156172743,0.06237669191572354,0.008287924563234121,0.0005290073868024518,0.06382869230605329,0.7,1e-08,10,2.0,0.0,2025,,,
QRC,ARMA_1_2_stochastic,0.009894585935444346,0.000622092293889463,0.06287198857518701,0.008307506820096866,0.00035478172937727085,0.042706161675246636,0.7,1e-08,10,4.0,0.0,2025,,,
QRC,ARMA_1_2_stochastic,0.012252905770664034,6.899355725061183e-18,5.630791466281944e-16,0.010236437147646707,7.303839463102365e-18,7.135138288600221e-16,0.9,1e-08,1,1.0,0.0,2025,,,
QRC,ARMA_1_2_stochastic,0.012252905770664032,8.136574330657297e-18,6.640526323264416e-16,0.01023643714764671,8.72079969015147e-18,8.519370132757885e-16,0.9,1e-08,1,2.0,0.0,2025,,,
QRC,ARMA_1_2_stochastic,0.012252905770664034,7.828128073785831e-18,6.388793173067546e-16,0.010236437147646703,8.119745823850525e-18,7.932199169236542e-16,0.9,1e-08,1,4.0,0.0,2025,,,
QRC,ARMA_1_2_stochastic,0.01063274790987677,0.001556754019638827,0.1464112600838356,0.009050328219655762,0.0012865008706720252,0.1421496369466431,0.9,1e-08,2,1.0,0.0,2025,,,
QRC,ARMA_1_2_stochastic,0.010518638273432466,4.688730177236296e-05,0.004457544841216655,0.008832965041281478,2.708415069654552e-05,0.003066258110381492,0.9,1e-08,2,2.0,0.0,2025,,,
QRC,ARMA_1_2_stochastic,0.010535947426074586,7.029519528247085e-05,0.00667193869138933,0.00884999918581433,2.418384609528044e-05,0.0027326382282661385,0.9,1e-08,2,4.0,0.0,2025,,,
QRC,ARMA_1_2_stochastic,0.009549710749165961,0.00045806967510644484,0.04796686382846214,0.008743644276694324,0.00030647581858891964,0.03505126797138959,0.9,1e-08,4,1.0,0.0,2025,,,
QRC,ARMA_1_2_stochastic,0.009495831362245294,0.0001581105950461001,0.016650526848521748,0.008442394150508976,7.506110044972806e-05,0.008890973237159601,0.9,1e-08,4,2.0,0.0,2025,,,
QRC,ARMA_1_2_stochastic,0.009569875670843466,0.00012322303402905518,0.012876137398992415,0.008484628623196256,0.00011217116536368938,0.013220515634240362,0.9,1e-08,4,4.0,0.0,2025,,,
QRC,ARMA_1_2_stochastic,0.009589178308424092,0.0019884979603734046,0.20736896284705744,0.008433057936003668,0.0020967661826683426,0.24863652053385238,0.9,1e-08,6,1.0,0.0,2025,,,
QRC,ARMA_1_2_stochastic,0.009202514291982246,0.0005913180186793282,0.06425613695536644,0.008074651141050472,0.00017007955171707145,0.021063393172790986,0.9,1e-08,6,2.0,0.0,2025,,,
QRC,ARMA_1_2_stochastic,0.009165231326586613,0.00037173894790841293,0.04055969071179558,0.008177175305073245,0.00021053389135575806,0.025746530250505894,0.9,1e-08,6,4.0,0.0,2025,,,
QRC,ARMA_1_2_stochastic,0.011574409046172095,0.0035489797463271328,0.30662297592643456,0.010154217122292336,0.002094351613001279,0.20625436582436152,0.9,1e-08,8,1.0,0.0,2025,,,
QRC,ARMA_1_2_stochastic,0.009189759525972873,0.0003909407366460673,0.04254091040588794,0.008178034503319597,0.00015450590481567503,0.01889279199702063,0.9,1e-08,8,2.0,0.0,2025,,,
QRC,ARMA_1_2_stochastic,0.009375968875201594,0.00048383485204034555,0.0516037178109705,0.008483951479210109,0.00031588009177174265,0.03723266128357825,0.9,1e-08,8,4.0,0.0,2025,,,
QRC,ARMA_1_2_stochastic,0.010597435612159358,0.002349545771728629,0.2217088980500897,0.00885824956301466,0.001992876109232976,0.22497403071073063,0.9,1e-08,10,1.0,0.0,2025,,,
QRC,ARMA_1_2_stochastic,0.009496771026424445,0.0006312119994440325,0.06646595960750305,0.008243165967481569,0.00045237884413084435,0.05487925948785112,0.9,1e-08,10,2.0,0.0,2025,,,
QRC,ARMA_1_2_stochastic,0.009640464319947521,0.0005828223227617069,0.060455835260524,0.008227161459966447,0.0003260847889940872,0.03963515127068104,0.9,1e-08,10,4.0,0.0,2025,,,
Classical_ESN,ARMA_1_2_stochastic,0.00918862220020872,0.0002553328619808861,0.0277879377797344,0.008019637572397705,0.00017418863320911256,0.021720262497727037,0.1,1e-08,10,,,2025,50.0,0.9,0.1
Classical_ESN,ARMA_1_2_stochastic,0.009021779205109121,0.00010054226050617138,0.01114439382968199,0.007986672774917481,0.00015052348314868781,0.01884683239075649,0.3,1e-08,10,,,2025,50.0,0.9,0.1
Classical_ESN,ARMA_1_2_stochastic,0.008777358170329068,0.00013314483361424404,0.015169123901577366,0.00795090218468117,9.5721875947886e-05,0.012039121312838089,0.5,1e-08,10,,,2025,50.0,0.9,0.1
Classical_ESN,ARMA_1_2_stochastic,0.008683889652081632,0.00012124888334951467,0.01396250853100717,0.007950506644428172,8.501375019588642e-05,0.010692872039225986,0.7,1e-08,10,,,2025,50.0,0.9,0.1
Classical_ESN,ARMA_1_2_stochastic,0.008549571689740599,0.00014294238501820028,0.016719245151161168,0.007809854585177599,9.904623307719935e-05,0.012682212197033756,0.9,1e-08,10,,,2025,50.0,0.9,0.1
Classical_ESN,ARMA_1_2_stochastic,0.009002859809390786,0.00036889542897303466,0.04097536080571241,0.008001600035867659,0.00020854172778796886,0.02606250335597479,0.1,1e-08,10,,,2025,50.0,0.9,0.2
Classical_ESN,ARMA_1_2_stochastic,0.00895607242808023,0.0001712440726344726,0.01912044303009053,0.007838071852554493,0.00011340065491401423,0.014467927450429791,0.3,1e-08,10,,,2025,50.0,0.9,0.2
Classical_ESN,ARMA_1_2_stochastic,0.00889563466466752,0.0001377583804897657,0.015486065433524017,0.007906092299018752,0.00014221910559760844,0.017988546075443573,0.5,1e-08,10,,,2025,50.0,0.9,0.2
Classical_ESN,ARMA_1_2_stochastic,0.008721793481295561,0.00014779830494743786,0.016945861566706515,0.007973187154270344,0.00011961993299038157,0.015002775010281123,0.7,1e-08,10,,,2025,50.0,0.9,0.2
Classical_ESN,ARMA_1_2_stochastic,0.008541723391159174,0.00017993139205946514,0.02106499869168055,0.007823712990268312,0.00013436734006885346,0.017174369795516408,0.9,1e-08,10,,,2025,50.0,0.9,0.2
Classical_ESN,ARMA_1_2_stochastic,0.00936731226206918,0.0004052919737185893,0.04326662359273832,0.008112927927138434,0.00018443217179179886,0.022733120945750983,0.1,1e-08,10,,,2025,50.0,1.1,0.1
Classical_ESN,ARMA_1_2_stochastic,0.008799489535772158,0.00018058023688185388,0.02052167187059538,0.007858647721377785,0.00010087823703413661,0.012836589781180642,0.3,1e-08,10,,,2025,50.0,1.1,0.1
Classical_ESN,ARMA_1_2_stochastic,0.008737913796389815,0.00017021734984404234,0.01948031919408153,0.007893970931356745,0.00011120772467702087,0.014087678513646043,0.5,1e-08,10,,,2025,50.0,1.1,0.1
Classical_ESN,ARMA_1_2_stochastic,0.00863243319832879,0.0001505245267686545,0.01743709140984671,0.007978496323181462,0.0001273957729010043,0.01596739131543582,0.7,1e-08,10,,,2025,50.0,1.1,0.1
Classical_ESN,ARMA_1_2_stochastic,0.008452196376724877,0.00014147761908109643,0.016738562709059688,0.007919477253090031,0.00015522198659301506,0.01960002934946879,0.9,1e-08,10,,,2025,50.0,1.1,0.1
Classical_ESN,ARMA_1_2_stochastic,0.009300769459283037,0.001228110253276158,0.1320439409505403,0.008072910875228594,0.0007559974212246951,0.09364619935845485,0.1,1e-08,10,,,2025,50.0,1.1,0.2
Classical_ESN,ARMA_1_2_stochastic,0.009048858664971486,0.00022050000899738928,0.024367714997135952,0.007939845185781913,0.00030172580989406845,0.038001472677877485,0.3,1e-08,10,,,2025,50.0,1.1,0.2
Classical_ESN,ARMA_1_2_stochastic,0.008807297873922041,0.0003859029286014311,0.04381626852250222,0.007923534036087265,0.0002184722404449938,0.027572575501029588,0.5,1e-08,10,,,2025,50.0,1.1,0.2
Classical_ESN,ARMA_1_2_stochastic,0.008658205842472793,0.00024251504218890857,0.028009849453942526,0.008046865029565312,0.00023681720412147965,0.029429747268206935,0.7,1e-08,10,,,2025,50.0,1.1,0.2
Classical_ESN,ARMA_1_2_stochastic,0.008599734182037964,0.00041822792280508584,0.048632657004518506,0.007871262496142364,0.000537222640261786,0.06825114021099844,0.9,1e-08,10,,,2025,50.0,1.1,0.2
Classical_ESN,ARMA_1_2_stochastic,0.009805413864108999,0.0005325072184089403,0.05430746991293145,0.008099332888774239,0.0002844219905347794,0.0351167181841595,0.1,1e-08,10,,,2025,50.0,1.25,0.1
Classical_ESN,ARMA_1_2_stochastic,0.009011588919032422,0.00034946618580175033,0.03877964129762731,0.00779664437029213,8.896092109939397e-05,0.011410155045466146,0.3,1e-08,10,,,2025,50.0,1.25,0.1
Classical_ESN,ARMA_1_2_stochastic,0.009078083712054978,0.00035160704889836635,0.038731417339923836,0.007852329923870093,0.00014404382319960893,0.01834408699024908,0.5,1e-08,10,,,2025,50.0,1.25,0.1
Classical_ESN,ARMA_1_2_stochastic,0.008804624880678175,0.0004216483659342452,0.04788941853270276,0.00793171266879803,0.0004878765585588992,0.061509610714735076,0.7,1e-08,10,,,2025,50.0,1.25,0.1
Classical_ESN,ARMA_1_2_stochastic,0.009316066855084935,0.0017479586192723554,0.1876283893688759,0.008184743057637252,0.0010928282139334375,0.13352016138291725,0.9,1e-08,10,,,2025,50.0,1.25,0.1
Classical_ESN,ARMA_1_2_stochastic,0.009965708084226463,0.059402227975996785,5.96066305313694,0.008343039627312424,0.017275747944899278,2.070677920352199,0.1,1e-08,10,,,2025,50.0,1.25,0.2
Classical_ESN,ARMA_1_2_stochastic,0.009061202897960429,0.0016383973845090247,0.18081455662777496,0.007888094526672686,0.001136899193319625,0.14412849509793918,0.3,1e-08,10,,,2025,50.0,1.25,0.2
Classical_ESN,ARMA_1_2_stochastic,0.008949536110209034,0.0013610263202436582,0.15207786230295112,0.008001249576267976,0.0013885652542860324,0.17354354979809303,0.5,1e-08,10,,,2025,50.0,1.25,0.2
Classical_ESN,ARMA_1_2_stochastic,0.008855424308308001,0.0015788153320227954,0.1782879370942823,0.008037579987942264,0.001034093966077441,0.1286573779208117,0.7,1e-08,10,,,2025,50.0,1.25,0.2
Classical_ESN,ARMA_1_2_stochastic,0.009445379723266938,0.0021097484422296915,0.22336300964509856,0.00848584036714298,0.001700500058257045,0.20039265231070694,0.9,1e-08,10,,,2025,50.0,1.25,0.2
Classical_ESN,ARMA_1_2_stochastic,0.013313812768653304,0.0022969742394479678,0.17252565282096177,0.009948940382727103,0.0009631898515696849,0.09681331021361142,0.1,1e-08,10,,,2025,100.0,0.9,0.1
Classical_ESN,ARMA_1_2_stochastic,0.009933220346124845,0.0001775554490777136,0.017874912957808457,0.008583660405136648,0.0001770857103008626,0.020630558752637824,0.3,1e-08,10,,,2025,100.0,0.9,0.1
Classical_ESN,ARMA_1_2_stochastic,0.00952495885634891,0.00016082068849077768,0.01688413471556172,0.008427390216077416,0.0002000311744589918,0.02373583865588434,0.5,1e-08,10,,,2025,100.0,0.9,0.1
Classical_ESN,ARMA_1_2_stochastic,0.009183554461064563,0.0001958779374047574,0.02132920736031124,0.008595597471776571,0.0001523928104291861,0.0177291701861987,0.7,1e-08,10,,,2025,100.0,0.9,0.1
Classical_ESN,ARMA_1_2_stochastic,0.009007729485763486,0.00016451998199723032,0.01826431202860282,0.008299782004858399,0.00021828225667795434,0.026299757818961947,0.9,1e-08,10,,,2025,100.0,0.9,0.1
Classical_ESN,ARMA_1_2_stochastic,0.012590519613482072,0.002538778332352827,0.20164206166950202,0.010162781804848925,0.0005892172651905222,0.057977950969034034,0.1,1e-08,10,,,2025,100.0,0.9,0.2
Classical_ESN,ARMA_1_2_stochastic,0.009855855489208558,0.00028873962813383833,0.02929625220763303,0.0085854429178667,0.00022352373869626967,0.026035201775217273,0.3,1e-08,10,,,2025,100.0,0.9,0.2
Classical_ESN,ARMA_1_2_stochastic,0.009482304207594662,0.00016350834171716084,0.017243524162218093,0.008653141653327895,0.00018937481277019695,0.02188509334033214,0.5,1e-08,10,,,2025,100.0,0.9,0.2
Classical_ESN,ARMA_1_2_stochastic,0.009209449711573559,0.00023209719064561053,0.02520206938683132,0.008439167753190072,0.0002552422633532118,0.030244956708761737,0.7,1e-08,10,,,2025,100.0,0.9,0.2
Classical_ESN,ARMA_1_2_stochastic,0.008967736236300549,0.00022568774650771493,0.025166635208800216,0.008295229664942451,0.0001522320532131713,0.018351758704950507,0.9,1e-08,10,,,2025,100.0,0.9,0.2
Classical_ESN,ARMA_1_2_stochastic,0.01857500701592012,0.026044938952021545,1.402149615862818,0.014159051090787708,0.04147970176553388,2.9295537885672145,0.1,1e-08,10,,,2025,100.0,1.1,0.1
Classical_ESN,ARMA_1_2_stochastic,0.010098481841165784,0.00029599373189631003,0.029310715863221284,0.008367027622428313,0.0002685171782513677,0.03209230211354765,0.3,1e-08,10,,,2025,100.0,1.1,0.1
Classical_ESN,ARMA_1_2_stochastic,0.009574855821395034,0.00035145756363405426,0.03670630348800884,0.008550671447558954,0.00024481302736674497,0.028630854181239087,0.5,1e-08,10,,,2025,100.0,1.1,0.1
Classical_ESN,ARMA_1_2_stochastic,0.00932132049717869,0.0003317964945064742,0.03559543893023526,0.008298983859501745,0.00033657240720008316,0.04055585754811798,0.7,1e-08,10,,,2025,100.0,1.1,0.1
Classical_ESN,ARMA_1_2_stochastic,0.008886950536460879,0.00032746485881358554,0.036847831826010646,0.008142651647800018,0.000253253874934361,0.03110213796297981,0.9,1e-08,10,,,2025,100.0,1.1,0.1
Classical_ESN,ARMA_1_2_stochastic,0.01354832316328783,0.007532368508254167,0.5559631562867338,0.011631774271250598,0.005414086995886951,0.46545667665409846,0.1,1e-08,10,,,2025,100.0,1.1,0.2
Classical_ESN,ARMA_1_2_stochastic,0.009899876767027837,0.0004468866047485085,0.045140622986024684,0.008435033369900194,0.00032469916032307135,0.038494116867603255,0.3,1e-08,10,,,2025,100.0,1.1,0.2
Classical_ESN,ARMA_1_2_stochastic,0.009685137586254071,0.0004316188675767645,0.04456507341613327,0.00865753348903504,0.0002160442307967474,0.02495447820910797,0.5,1e-08,10,,,2025,100.0,1.1,0.2
Classical_ESN,ARMA_1_2_stochastic,0.009224933613393554,0.0002920109982349321,0.031654536549831136,0.008584965036857838,0.0002151084837696678,0.025056419315179778,0.7,1e-08,10,,,2025,100.0,1.1,0.2
Classical_ESN,ARMA_1_2_stochastic,0.008991691261572171,0.00023452168282167994,0.026082043522107596,0.008310685312134199,0.0002498209988524304,0.0300602163924645,0.9,1e-08,10,,,2025,100.0,1.1,0.2
Classical_ESN,ARMA_1_2_stochastic,0.016516054594880796,0.03834750905898835,2.321832301939368,0.013905571867257466,0.10640420335262385,7.6519113610254905,0.1,1e-08,10,,,2025,100.0,1.25,0.1
Classical_ESN,ARMA_1_2_stochastic,0.009821244312060122,0.000952145552376502,0.09694754779771671,0.008359123996111521,0.0007831818923848517,0.09369186205984867,0.3,1e-08,10,,,2025,100.0,1.25,0.1
Classical_ESN,ARMA_1_2_stochastic,0.009713868985721852,0.0004539099009291124,0.04672802377675693,0.008503494421756045,0.00036507750649056157,0.04293264490848809,0.5,1e-08,10,,,2025,100.0,1.25,0.1
Classical_ESN,ARMA_1_2_stochastic,0.009378743185554525,0.000648091446509656,0.06910216365747913,0.008241892487033884,0.0007227756086191837,0.08769534542658154,0.7,1e-08,10,,,2025,100.0,1.25,0.1
Classical_ESN,ARMA_1_2_stochastic,0.00898889195818731,0.0006836434352009029,0.07605424988763194,0.008406368794260167,0.0007689654443147376,0.09147415050833647,0.9,1e-08,10,,,2025,100.0,1.25,0.1
Classical_ESN,ARMA_1_2_stochastic,0.015179764456795298,16.44368269757422,1083.2633631685321,0.012268691028661197,20.492986797880366,1670.34826698351,0.1,1e-08,10,,,2025,100.0,1.25,0.2
Classical_ESN,ARMA_1_2_stochastic,0.009697953665008516,0.001854494391578695,0.19122533017145185,0.0084168735033584,0.0009490463122455091,0.11275520677206709,0.3,1e-08,10,,,2025,100.0,1.25,0.2
Classical_ESN,ARMA_1_2_stochastic,0.009633824562231335,0.0006806459793189187,0.07065168925613807,0.008450675119080917,0.0003045793446334044,0.03604201325237196,0.5,1e-08,10,,,2025,100.0,1.25,0.2
Classical_ESN,ARMA_1_2_stochastic,0.009456631024400785,0.0005565682880912914,0.05885481696972079,0.008649665457423194,0.00035218867255633535,0.040717028223800834,0.7,1e-08,10,,,2025,100.0,1.25,0.2
Classical_ESN,ARMA_1_2_stochastic,0.009093070568961413,0.0012931535011070276,0.14221307217400472,0.008480899789418852,0.000561546423731661,0.06621307145171923,0.9,1e-08,10,,,2025,100.0,1.25,0.2
Classical_ESN,ARMA_1_2_stochastic,0.020499229744644267,0.01554767616403882,0.7584517251483991,0.016449260372606724,0.009621641435778603,0.5849285145854771,0.1,1e-08,10,,,2025,150.0,0.9,0.1
Classical_ESN,ARMA_1_2_stochastic,0.011045475136824797,0.00036105760608610933,0.03268828199905769,0.008984403866395799,0.00029834381584079153,0.03320685715795585,0.3,1e-08,10,,,2025,150.0,0.9,0.1
Classical_ESN,ARMA_1_2_stochastic,0.009996837479166073,0.00036914721426699706,0.03692639947746665,0.009376795862305668,0.00027886009967147075,0.02973938046283772,0.5,1e-08,10,,,2025,150.0,0.9,0.1
Classical_ESN,ARMA_1_2_stochastic,0.009845345040616052,0.00020004076576969282,0.020318309307032236,0.009216589690290052,0.0003854602279482717,0.04182243551043239,0.7,1e-08,10,,,2025,150.0,0.9,0.1
Classical_ESN,ARMA_1_2_stochastic,0.009535687375380165,0.0003528954421730745,0.03700786616434197,0.008928082679331812,0.0002562137177703273,0.028697507289381717,0.9,1e-08,10,,,2025,150.0,0.9,0.1
Classical_ESN,ARMA_1_2_stochastic,0.026652974425106137,0.012869442769636566,0.4828520286093854,0.017918734033945945,0.007696639488839716,0.4295303158280548,0.1,1e-08,10,,,2025,150.0,0.9,0.2
Classical_ESN,ARMA_1_2_stochastic,0.010618196695945692,0.0002371011677537084,0.022329701977007066,0.009111587016558955,0.0002688871676824011,0.0295104647734515,0.3,1e-08,10,,,2025,150.0,0.9,0.2
Classical_ESN,ARMA_1_2_stochastic,0.010515764363865806,0.0004533232784132345,0.043108923205900346,0.009241918639981422,0.00019935152109530507,0.02157036096735275,0.5,1e-08,10,,,2025,150.0,0.9,0.2
Classical_ESN,ARMA_1_2_stochastic,0.009876294006114669,0.0004971135175790463,0.050334013676716235,0.009199532103290558,0.0003257215698738002,0.035406319171090626,0.7,1e-08,10,,,2025,150.0,0.9,0.2
Classical_ESN,ARMA_1_2_stochastic,0.009612067145453337,0.00020284677118307613,0.021103345213212117,0.008842121569910578,0.00014893022549432235,0.016843268249231786,0.9,1e-08,10,,,2025,150.0,0.9,0.2
Classical_ESN,ARMA_1_2_stochastic,0.06851779280405908,0.3847989300623414,5.616043867069014,0.04782261441965212,0.1606118469155203,3.3584915602087793,0.1,1e-08,10,,,2025,150.0,1.1,0.1
Classical_ESN,ARMA_1_2_stochastic,0.012229143947842393,0.0010679160317244077,0.08732549361419709,0.009471523891687365,0.000501306627987229,0.05292776893348685,0.3,1e-08,10,,,2025,150.0,1.1,0.1
Classical_ESN,ARMA_1_2_stochastic,0.010860288453960665,0.0008034854971044729,0.0739838081198891,0.009201016504324476,0.0003372526205703444,0.03665384367171125,0.5,1e-08,10,,,2025,150.0,1.1,0.1
Classical_ESN,ARMA_1_2_stochastic,0.010307183188249266,0.0005776700014675407,0.05604538028645062,0.009095777420415056,0.00026673982438227126,0.029325676305973134,0.7,1e-08,10,,,2025,150.0,1.1,0.1
Classical_ESN,ARMA_1_2_stochastic,0.009456678756998597,0.00040546023591432297,0.042875542918728665,0.008890261105792694,0.00042821311725503835,0.04816654001039681,0.9,1e-08,10,,,2025,150.0,1.1,0.1
Classical_ESN,ARMA_1_2_stochastic,0.06964628766505089,0.14550921813025727,2.0892602177168884,0.0462102531248027,0.15633368328716937,3.3830951513065717,0.1,1e-08,10,,,2025,150.0,1.1,0.2
Classical_ESN,ARMA_1_2_stochastic,0.011765402191818217,0.0017796284588267454,0.15125946651142258,0.009469336031908164,0.00037755798669502407,0.039871643103887446,0.3,1e-08,10,,,2025,150.0,1.1,0.2
Classical_ESN,ARMA_1_2_stochastic,0.011348115443310517,0.0007378527441752149,0.06501984826125153,0.009137102059687263,0.0003124890051345221,0.034200012552471994,0.5,1e-08,10,,,2025,150.0,1.1,0.2
Classical_ESN,ARMA_1_2_stochastic,0.010266161052617528,0.00029959912253708557,0.02918316993095465,0.009079391206758188,0.0004032674005997321,0.04441568728744308,0.7,1e-08,10,,,2025,150.0,1.1,0.2
Classical_ESN,ARMA_1_2_stochastic,0.009526417027009165,0.00047086666419177505,0.049427467100881736,0.00905000980048924,0.00036308564508373824,0.040119917335792274,0.9,1e-08,10,,,2025,150.0,1.1,0.2
Classical_ESN,ARMA_1_2_stochastic,0.1128509917552506,1.1800354434909035,10.456580178312878,0.0607761635148592,1.0244205249319833,16.855629998453622,0.1,1e-08,10,,,2025,150.0,1.25,0.1
Classical_ESN,ARMA_1_2_stochastic,0.01268395805036372,0.0018328093030407881,0.1444982154437377,0.009489469301685543,0.00445913257819596,0.4699032618614318,0.3,1e-08,10,,,2025,150.0,1.25,0.1
Classical_ESN,ARMA_1_2_stochastic,0.011295737273719693,0.0009386333006682351,0.08309624045984407,0.009216535252485673,0.0007672352889402225,0.08324552208849864,0.5,1e-08,10,,,2025,150.0,1.25,0.1
Classical_ESN,ARMA_1_2_stochastic,0.010394754531667421,0.001138533080266302,0.10952957828852838,0.0095180693907769,0.0005881312767127591,0.061791026369555996,0.7,1e-08,10,,,2025,150.0,1.25,0.1
Classical_ESN,ARMA_1_2_stochastic,0.00998976172061595,0.0004995327330329237,0.050004469275982226,0.008852820203496498,0.00033231959979300874,0.037538275052932425,0.9,1e-08,10,,,2025,150.0,1.25,0.1
Classical_ESN,ARMA_1_2_stochastic,0.308669485960211,1.13131698020436,3.6651403253711714,0.14064095975672972,1.89061505852185,13.442848099103529,0.1,1e-08,10,,,2025,150.0,1.25,0.2
Classical_ESN,ARMA_1_2_stochastic,0.013012472750434953,0.006571178681064049,0.5049907736286635,0.009861261878551502,0.002296008070331024,0.23283106144102111,0.3,1e-08,10,,,2025,150.0,1.25,0.2
Classical_ESN,ARMA_1_2_stochastic,0.01164512928869032,0.0012768445994716842,0.10964623644940963,0.00938144164652629,0.002312593667764594,0.24650728053303927,0.5,1e-08,10,,,2025,150.0,1.25,0.2
Classical_ESN,ARMA_1_2_stochastic,0.010408915199330543,0.0008337162101854456,0.08009635915172665,0.00914767807169761,0.0006785352003501224,0.07417567551371,0.7,1e-08,10,,,2025,150.0,1.25,0.2
Classical_ESN,ARMA_1_2_stochastic,0.010511323390284176,0.0007810907048536048,0.07430945427628859,0.009086155573982901,0.00045412375975429085,0.049979747326208995,0.9,1e-08,10,,,2025,150.0,1.25,0.2
QRC,NARMA10_Chaotic,0.011825439583352937,3.371470991452532e-17,2.851032274689106e-15,0.013200203779668422,1.135126772434564e-17,8.599312490788513e-16,0.1,1e-08,1,1.0,0.0,2025,,,
QRC,NARMA10_Chaotic,0.01182543958335295,2.3664254893867113e-17,2.0011310976701487e-15,0.013200203779668424,5.410355496446698e-18,4.098690888984595e-16,0.1,1e-08,1,2.0,0.0,2025,,,
QRC,NARMA10_Chaotic,0.011825439583352955,2.307899478410173e-17,1.9516394821035457e-15,0.013200203779668426,7.966689770198119e-18,6.035277866292328e-16,0.1,1e-08,1,4.0,0.0,2025,,,
QRC,NARMA10_Chaotic,0.010205698085572949,0.0003829101844093375,0.0375192545574741,0.010970187749108486,0.0005859985011795555,0.053417363000663125,0.1,1e-08,2,1.0,0.0,2025,,,
QRC,NARMA10_Chaotic,0.010163139250812494,3.0218615017643158e-05,0.002973354420508144,0.010968035235726462,3.3963881515814134e-05,0.0030966240339183734,0.1,1e-08,2,2.0,0.0,2025,,,
QRC,NARMA10_Chaotic,0.010162301422646692,1.5704600113626948e-05,0.0015453783016737962,0.01096604746161569,1.48508198394796e-05,0.0013542545654176427,0.1,1e-08,2,4.0,0.0,2025,,,
QRC,NARMA10_Chaotic,0.010211270552536164,3.294586274125427e-05,0.0032264214890547127,0.01091769259477649,7.854369397481682e-05,0.007194166101763629,0.1,1e-08,4,1.0,0.0,2025,,,
QRC,NARMA10_Chaotic,0.010177578994088703,3.491515690742925e-05,0.003430595520576015,0.010919157578403354,3.1720163709599324e-05,0.002905001002306039,0.1,1e-08,4,2.0,0.0,2025,,,
QRC,NARMA10_Chaotic,0.010205970640462282,3.077350698663027e-05,0.003015245494105828,0.01091374472499017,3.8594674811237186e-05,0.003536336590580457,0.1,1e-08,4,4.0,0.0,2025,,,
QRC,NARMA10_Chaotic,0.010206903613003977,7.45839079249258e-05,0.0073072021401184885,0.01097584286908988,9.782409340727976e-05,0.008912672545884522,0.1,1e-08,6,1.0,0.0,2025,,,
QRC,NARMA10_Chaotic,0.01018592800685687,4.3072313890969556e-05,0.004228609691917568,0.010963003891966692,4.1931410902105766e-05,0.0038248103635931067,0.1,1e-08,6,2.0,0.0,2025,,,
QRC,NARMA10_Chaotic,0.010212616204398544,6.529828016802543e-05,0.00639388368867731,0.010970282975886663,3.0852164936599916e-05,0.002812339937302877,0.1,1e-08,6,4.0,0.0,2025,,,
QRC,NARMA10_Chaotic,0.010383713977701098,0.00017373466109533336,0.01673145672814433,0.011135206800425115,0.0003635703328297524,0.03265052363606504,0.1,1e-08,8,1.0,0.0,2025,,,
QRC,NARMA10_Chaotic,0.010322846404868379,6.245514027008549e-05,0.006050185948773866,0.011085208028814205,7.908416410843926e-05,0.0071342065843845925,0.1,1e-08,8,2.0,0.0,2025,,,
QRC,NARMA10_Chaotic,0.010340977585395006,0.00014097287211053044,0.013632451182336214,0.011058558173056208,8.225191908487235e-05,0.007437852005451876,0.1,1e-08,8,4.0,0.0,2025,,,
QRC,NARMA10_Chaotic,0.009653483120484058,0.00010598429804982192,0.010978866045244352,0.010446039463818745,0.00013718973016939046,0.013133181302307487,0.1,1e-08,10,1.0,0.0,2025,,,
QRC,NARMA10_Chaotic,0.009700528351445626,9.06105228658798e-05,0.00934078223196745,0.01037565308412041,0.00010923546831401954,0.01052805711875629,0.1,1e-08,10,2.0,0.0,2025,,,
QRC,NARMA10_Chaotic,0.009608600514671788,7.924279013711838e-05,0.008247068864619685,0.01041213656949184,0.00014276169431341209,0.013711085458839646,0.1,1e-08,10,4.0,0.0,2025,,,
QRC,NARMA10_Chaotic,0.011253612688023383,2.891889088465933e-17,2.569742862701873e-15,0.012463637363445797,1.3065505228993965e-17,1.04828990510534e-15,0.3,1e-08,1,1.0,0.0,2025,,,
QRC,NARMA10_Chaotic,0.011253612688023374,2.962450436292873e-17,2.6324439257143198e-15,0.012463637363445787,1.3324663851227103e-17,1.0690830824640803e-15,0.3,1e-08,1,2.0,0.0,2025,,,
QRC,NARMA10_Chaotic,0.011253612688023369,4.131675530446076e-17,3.6714214759169756e-15,0.012463637363445792,2.0094494800686676e-17,1.612249635858404e-15,0.3,1e-08,1,4.0,0.0,2025,,,
QRC,NARMA10_Chaotic,0.010465768429263578,0.0003213440073416695,0.030704291759709876,0.01128823506577104,0.00042720897842399774,0.03784550693131915,0.3,1e-08,2,1.0,0.0,2025,,,
QRC,NARMA10_Chaotic,0.010443673178344529,6.870127981371451e-05,0.006578267879558889,0.011246244709493584,6.291930278474442e-05,0.005594694443348785,0.3,1e-08,2,2.0,0.0,2025,,,
QRC,NARMA10_Chaotic,0.010420461080005402,5.819531033324861e-05,0.0055847154829753885,0.011261698496432453,3.872185645270651e-05,0.0034383673532880537,0.3,1e-08,2,4.0,0.0,2025,,,
QRC,NARMA10_Chaotic,0.010530348940255542,4.899213878337195e-05,0.004652470593456236,0.01086390456622019,3.068281460885906e-05,0.0028242897773847384,0.3,1e-08,4,1.0,0.0,2025,,,
QRC,NARMA10_Chaotic,0.010482716429266225,5.387164226497198e-05,0.005139091821140002,0.010834172014090157,5.457454097523834e-05,0.00503725996820639,0.3,1e-08,4,2.0,0.0,2025,,,
QRC,NARMA10_Chaotic,0.010514653622239167,4.1891856273893956e-05,0.003984140398623307,0.010839261842026009,6.725249143473346e-05,0.006204526877834241,0.3,1e-08,4,4.0,0.0,2025,,,
QRC,NARMA10_Chaotic,0.010132244882718272,0.0001435519228667304,0.014167829985196565,0.010861026676655552,0.00024528980551255443,0.02258440318904426,0.3,1e-08,6,1.0,0.0,2025,,,
QRC,NARMA10_Chaotic,0.010095568827726279,6.257824708731312e-05,0.006198585553242865,0.010851530393525054,6.745697874077869e-05,0.006216356246030445,0.3,1e-08,6,2.0,0.0,2025,,,
QRC,NARMA10_Chaotic,0.010099772376883857,6.725995609808852e-05,0.006659551679801385,0.010853177440862812,5.161258833456628e-05,0.004755527919431414,0.3,1e-08,6,4.0,0.0,2025,,,
QRC,NARMA10_Chaotic,0.009954410386396113,0.0001889006635718818,0.018976579851483422,0.010605510173068095,0.0002820926550133131,0.02659868789053321,0.3,1e-08,8,1.0,0.0,2025,,,
QRC,NARMA10_Chaotic,0.009813673685810586,0.00010744965253151874,0.010948973439669005,0.010456936469163952,6.476679463848172e-05,0.006193668177048791,0.3,1e-08,8,2.0,0.0,2025,,,
QRC,NARMA10_Chaotic,0.009861369053327428,7.959420663179206e-05,0.008071314053998958,0.01043421445578493,0.00011895850741697211,0.011400811045341245,0.3,1e-08,8,4.0,0.0,2025,,,
QRC,NARMA10_Chaotic,0.009640641981059744,0.00012103947362548408,0.012555125878886632,0.010371405124374409,0.00010704579743156475,0.010321243471628598,0.3,1e-08,10,1.0,0.0,2025,,,
QRC,NARMA10_Chaotic,0.00962727199985101,0.00010421272062325894,0.01082474044826735,0.010191524447171366,0.00015965132255518899,0.01566510715671195,0.3,1e-08,10,2.0,0.0,2025,,,
QRC,NARMA10_Chaotic,0.009513479684876936,9.111223804644211e-05,0.009577172713289997,0.010247161117595159,0.0001590689057240646,0.01552321700601849,0.3,1e-08,10,4.0,0.0,2025,,,
QRC,NARMA10_Chaotic,0.010835973423882646,4.287642329051965e-17,3.956859399084477e-15,0.012212640790730266,2.3232580779980037e-17,1.902338828929957e-15,0.5,1e-08,1,1.0,0.0,2025,,,
QRC,NARMA10_Chaotic,0.010835973423882617,4.594710610884959e-17,4.240237984303433e-15,0.012212640790730254,2.630838409640856e-17,2.154192901209162e-15,0.5,1e-08,1,2.0,0.0,2025,,,
QRC,NARMA10_Chaotic,0.010835973423882624,4.6808320642112917e-17,4.319715341765861e-15,0.012212640790730258,2.859066190187073e-17,2.3410712221693984e-15,0.5,1e-08,1,4.0,0.0,2025,,,
QRC,NARMA10_Chaotic,0.010554612375395426,0.0002966319701493535,0.02810448736524445,0.011505289722058032,0.00037141407403351893,0.032282027050691386,0.5,1e-08,2,1.0,0.0,2025,,,
QRC,NARMA10_Chaotic,0.010499873251763632,5.193524860510757e-05,0.00494627386062819,0.011526460176704273,3.984030794656587e-05,0.0034564217752719715,0.5,1e-08,2,2.0,0.0,2025,,,
QRC,NARMA10_Chaotic,0.010483166542143194,4.9960978899308465e-05,0.004765828979102947,0.011517017709114286,3.886069239927363e-05,0.003374197503275542,0.5,1e-08,2,4.0,0.0,2025,,,
QRC,NARMA10_Chaotic,0.010753791138234487,7.387251167211546e-05,0.006869438946927841,0.011150171618206223,6.73659374164215e-05,0.006041695116730315,0.5,1e-08,4,1.0,0.0,2025,,,
QRC,NARMA10_Chaotic,0.010682214254017086,5.379829087908291e-05,0.00503624900229387,0.01106435285866422,6.325318906977948e-05,0.005716844887159169,0.5,1e-08,4,2.0,0.0,2025,,,
QRC,NARMA10_Chaotic,0.010715564085077761,3.931587717463252e-05,0.0036690440990766763,0.011087588168638602,6.682983507046481e-05,0.006027445649496067,0.5,1e-08,4,4.0,0.0,2025,,,
QRC,NARMA10_Chaotic,0.010447975675707334,0.00023618229245001693,0.022605555351661675,0.011117599252074534,0.00030238016540449613,0.027198332890805744,0.5,1e-08,6,1.0,0.0,2025,,,
QRC,NARMA10_Chaotic,0.01041563581695305,9.263939884456624e-05,0.0088942624792796,0.011084854367391832,9.468206141860524e-05,0.008541570171379987,0.5,1e-08,6,2.0,0.0,2025,,,
QRC,NARMA10_Chaotic,0.010431622747001613,0.00010231417943203722,0.009808078945478126,0.011082795206402336,6.671106803254225e-05,0.0060193359879107435,0.5,1e-08,6,4.0,0.0,2025,,,
QRC,NARMA10_Chaotic,0.009983329266344987,0.0002571725572699405,0.02576019987008746,0.01067714648538031,0.0002482904592894528,0.023254383521798136,0.5,1e-08,8,1.0,0.0,2025,,,
QRC,NARMA10_Chaotic,0.009814136585248068,0.00014452782730540138,0.014726494383891663,0.010508792217930555,8.137398996871415e-05,0.007743419822296071,0.5,1e-08,8,2.0,0.0,2025,,,
QRC,NARMA10_Chaotic,0.009895145869090748,6.190224948281683e-05,0.006255819803139996,0.0104576405028027,0.00012908058072285628,0.012343183980006011,0.5,1e-08,8,4.0,0.0,2025,,,
QRC,NARMA10_Chaotic,0.009246565404734603,0.00010964414294300308,0.011857823758739757,0.009997147597677634,0.00014362761326262708,0.014366859332555236,0.5,1e-08,10,1.0,0.0,2025,,,
QRC,NARMA10_Chaotic,0.009191983386468974,6.59918363360063e-05,0.007179281506660395,0.009872158257511391,0.0001256724513909472,0.012729987517706908,0.5,1e-08,10,2.0,0.0,2025,,,
QRC,NARMA10_Chaotic,0.009170240385021643,0.00010214923135728956,0.011139209777328915,0.00993355454078777,0.00014299149181886076,0.014394796065369062,0.5,1e-08,10,4.0,0.0,2025,,,
QRC,NARMA10_Chaotic,0.010497134631734328,3.963723225056478e-17,3.776004942409312e-15,0.011854648799225199,2.303746976306171e-17,1.9433279005757982e-15,0.7,1e-08,1,1.0,0.0,2025,,,
QRC,NARMA10_Chaotic,0.010497134631734335,3.5331261782235455e-17,3.3658005752754673e-15,0.011854648799225202,1.9688781456118757e-17,1.660848987563898e-15,0.7,1e-08,1,2.0,0.0,2025,,,
QRC,NARMA10_Chaotic,0.01049713463173434,3.7850811956051615e-17,3.605823235001978e-15,0.011854648799225202,2.2017386793833803e-17,1.857278707005881e-15,0.7,1e-08,1,4.0,0.0,2025,,,
QRC,NARMA10_Chaotic,0.010515427957796137,0.00027316287392496183,0.025977342531498103,0.01157686946517796,0.00034695382336450553,0.02996957203396887,0.7,1e-08,2,1.0,0.0,2025,,,
QRC,NARMA10_Chaotic,0.010457805421767068,3.774367793562579e-05,0.003609139433505371,0.011574281480017707,2.9170351867116824e-05,0.0025202732383412018,0.7,1e-08,2,2.0,0.0,2025,,,
QRC,NARMA10_Chaotic,0.010466429880312,4.104957182831887e-05,0.003922022341690326,0.011573219104118179,4.468129299802382e-05,0.0038607489062506876,0.7,1e-08,2,4.0,0.0,2025,,,
QRC,NARMA10_Chaotic,0.010811738395724708,0.0001288229551589655,0.011915101017418812,0.01127794478778968,0.00018055055501387286,0.016009171742829415,0.7,1e-08,4,1.0,0.0,2025,,,
QRC,NARMA10_Chaotic,0.010725659595930753,4.146836583968212e-05,0.00386627651836116,0.011176057841658153,5.8715982603592814e-05,0.005253729305581451,0.7,1e-08,4,2.0,0.0,2025,,,
QRC,NARMA10_Chaotic,0.010765363298119003,3.8677352927622324e-05,0.003592758725976325,0.011258599153725665,6.31752085931636e-05,0.005611285003628346,0.7,1e-08,4,4.0,0.0,2025,,,
QRC,NARMA10_Chaotic,0.010694578469907023,0.00031488222670537165,0.029443163897614488,0.01122588007233907,0.0003202363907341017,0.02852661783935983,0.7,1e-08,6,1.0,0.0,2025,,,
QRC,NARMA10_Chaotic,0.010611517355474638,0.00011001238053950795,0.010367261990364737,0.0111886773788573,0.0001183283107222868,0.010575719248629517,0.7,1e-08,6,2.0,0.0,2025,,,
QRC,NARMA10_Chaotic,0.010669557620273844,0.00011421268752539,0.010704538237683619,0.011219578136671779,8.06746292117194e-05,0.007190522515996403,0.7,1e-08,6,4.0,0.0,2025,,,
QRC,NARMA10_Chaotic,0.010176726801351085,0.00045459521917276237,0.04467008184914714,0.010886931949181403,0.00048370917095238807,0.04443025576078471,0.7,1e-08,8,1.0,0.0,2025,,,
QRC,NARMA10_Chaotic,0.010111108201084186,0.00013924938369796818,0.013771921032655635,0.010773122099706852,0.00012729015359535674,0.011815530578533073,0.7,1e-08,8,2.0,0.0,2025,,,
QRC,NARMA10_Chaotic,0.010235550933570033,9.707206559405008e-05,0.009483814425238032,0.010790461394180143,0.00013563671409179743,0.012570056936115202,0.7,1e-08,8,4.0,0.0,2025,,,
QRC,NARMA10_Chaotic,0.00877795243001922,0.00010951026927437141,0.01247560523338717,0.009554863569831637,0.0002283794719177106,0.02390190820084465,0.7,1e-08,10,1.0,0.0,2025,,,
QRC,NARMA10_Chaotic,0.00877572750375273,5.6120702559391155e-05,0.006394991473401206,0.009490111105229267,8.664025560117943e-05,0.009129530164661474,0.7,1e-08,10,2.0,0.0,2025,,,
QRC,NARMA10_Chaotic,0.0087303065548153,8.779654005661988e-05,0.01005652430477309,0.009482348110484035,0.00011861558015093698,0.01250909360939736,0.7,1e-08,10,4.0,0.0,2025,,,
QRC,NARMA10_Chaotic,0.010375345593572708,3.4393530293787235e-17,3.3149286434461758e-15,0.011549864601784718,1.755884201360049e-17,1.52026388351663e-15,0.9,1e-08,1,1.0,0.0,2025,,,
QRC,NARMA10_Chaotic,0.0103753455935727,3.297219386148038e-17,3.1779369240390348e-15,0.011549864601784716,1.6548207273525434e-17,1.4327620144541227e-15,0.9,1e-08,1,2.0,0.0,2025,,,
QRC,NARMA10_Chaotic,0.010375345593572718,4.2601181780224385e-17,4.106001231092949e-15,0.011549864601784724,2.1899029634579628e-17,1.896042108683743e-15,0.9,1e-08,1,4.0,0.0,2025,,,
QRC,NARMA10_Chaotic,0.010464784137973549,0.00026007016984258644,0.024851938311739288,0.011590361577619945,0.00037117800266583874,0.03202471296344659,0.9,1e-08,2,1.0,0.0,2025,,,
QRC,NARMA10_Chaotic,0.010408247190433094,4.377703226112176e-05,0.004205994675199501,0.011545829150644905,2.502439944833981e-05,0.0021673973451219867,0.9,1e-08,2,2.0,0.0,2025,,,
QRC,NARMA10_Chaotic,0.010439720000051968,4.303141256061696e-05,0.004121893361163207,0.011535538537312717,4.808854671963654e-05,0.004168730099950678,0.9,1e-08,2,4.0,0.0,2025,,,
QRC,NARMA10_Chaotic,0.010841385943577584,0.00025682529455039993,0.023689341555314956,0.011385057017738747,0.00038265899755493473,0.033610635147344824,0.9,1e-08,4,1.0,0.0,2025,,,
QRC,NARMA10_Chaotic,0.01077284501863896,3.588059136655432e-05,0.00333065140215741,0.011262182680667815,5.543922762695053e-05,0.004922600636030807,0.9,1e-08,4,2.0,0.0,2025,,,
QRC,NARMA10_Chaotic,0.010790346495137843,3.793778231888424e-05,0.003515900285127924,0.011352491491085831,7.484425010279563e-05,0.006592759850255303,0.9,1e-08,4,4.0,0.0,2025,,,
QRC,NARMA10_Chaotic,0.010871559982404891,0.00043000512098927157,0.039553212389502025,0.011260448215012974,0.00037865005889417384,0.033626553016720885,0.9,1e-08,6,1.0,0.0,2025,,,
QRC,NARMA10_Chaotic,0.010660480505362254,0.00010921688096109495,0.010245024218763735,0.011256125028228385,0.00012558058984417177,0.011156644895933343,0.9,1e-08,6,2.0,0.0,2025,,,
QRC,NARMA10_Chaotic,0.010787111225789379,0.0001050965483943939,0.009742788981644449,0.011320442628290198,0.00010056181483492447,0.008883205201147952,0.9,1e-08,6,4.0,0.0,2025,,,
QRC,NARMA10_Chaotic,0.010435587210254465,0.000779450055270201,0.07469153767449514,0.011137711634177525,0.0010675610262635045,0.09585102050833798,0.9,1e-08,8,1.0,0.0,2025,,,
QRC,NARMA10_Chaotic,0.010378759496715764,0.00011358352252806506,0.010943843776706381,0.011019435082521109,0.00017022714873871664,0.015447901590593225,0.9,1e-08,8,2.0,0.0,2025,,,
QRC,NARMA10_Chaotic,0.010504655806251175,0.00012014517606675798,0.011437326294428538,0.011064860580031626,0.00014014657636150386,0.012665914346396879,0.9,1e-08,8,4.0,0.0,2025,,,
QRC,NARMA10_Chaotic,0.008390745532726172,0.00013398993336997793,0.01596877570024988,0.009167858391182712,0.00030627334613721457,0.033407294601297106,0.9,1e-08,10,1.0,0.0,2025,,,
QRC,NARMA10_Chaotic,0.008403032435599388,5.854057372972551e-05,0.006966600947738674,0.009086761784225099,9.581879749431757e-05,0.010544878337260033,0.9,1e-08,10,2.0,0.0,2025,,,
QRC,NARMA10_Chaotic,0.00837911984460615,8.160449948777487e-05,0.009739029993741615,0.00905533978312388,0.00011248631526710757,0.012422097675091592,0.9,1e-08,10,4.0,0.0,2025,,,
Classical_ESN,NARMA10_Chaotic,0.008815048194311781,0.0007689767861989229,0.08723455269310179,0.010723572153978088,0.0007065470243334354,0.06588728216570353,0.1,1e-08,10,,,2025,50.0,0.9,0.1
Classical_ESN,NARMA10_Chaotic,0.008101233083372236,0.00011436791828414853,0.014117346965227855,0.008829678804939177,6.0739917519675805e-05,0.006879063085023987,0.3,1e-08,10,,,2025,50.0,0.9,0.1
Classical_ESN,NARMA10_Chaotic,0.007896612028463925,8.775416162438468e-05,0.011112887565967315,0.00845131921742915,0.00010373508169144476,0.012274424740401708,0.5,1e-08,10,,,2025,50.0,0.9,0.1
Classical_ESN,NARMA10_Chaotic,0.00790519544950556,9.55431972259015e-05,0.012086127134513463,0.008340520444028655,0.0001419539524338063,0.017019795513532658,0.7,1e-08,10,,,2025,50.0,0.9,0.1
Classical_ESN,NARMA10_Chaotic,0.007842596732138555,0.00013893911672331665,0.01771595830676227,0.008319603162321628,0.00013332936705623413,0.016025928695741768,0.9,1e-08,10,,,2025,50.0,0.9,0.1
Classical_ESN,NARMA10_Chaotic,0.00881158856130628,0.0003890201953272059,0.04414870174890864,0.010575156743221412,0.0007523960994645979,0.07114751277297876,0.1,1e-08,10,,,2025,50.0,0.9,0.2
Classical_ESN,NARMA10_Chaotic,0.008090285853925919,0.00014626553467419855,0.0180791553370418,0.008707865405740292,0.00011464394136726637,0.01316556194032262,0.3,1e-08,10,,,2025,50.0,0.9,0.2
Classical_ESN,NARMA10_Chaotic,0.007885233392027683,6.42099057725239e-05,0.0081430571018282,0.008403589114175866,0.0001140019302181682,0.013565861998876213,0.5,1e-08,10,,,2025,50.0,0.9,0.2
Classical_ESN,NARMA10_Chaotic,0.0079275552902352,0.00012326527166027322,0.015548963980371824,0.008365594037301511,5.695998684774903e-05,0.006808839467199702,0.7,1e-08,10,,,2025,50.0,0.9,0.2
Classical_ESN,NARMA10_Chaotic,0.007901265680484954,0.0001154256035235328,0.014608495422273706,0.008289488259083376,0.00015599488734923788,0.018818397767594797,0.9,1e-08,10,,,2025,50.0,0.9,0.2
Classical_ESN,NARMA10_Chaotic,0.008885704481455904,0.0007295372310174662,0.08210235131496664,0.010778459751195757,0.0018407045346831696,0.17077621266609663,0.1,1e-08,10,,,2025,50.0,1.1,0.1
Classical_ESN,NARMA10_Chaotic,0.00815965199939913,0.00014710381966035399,0.01802819773088198,0.008781284676765694,0.00022703388408640165,0.025854290396382224,0.3,1e-08,10,,,2025,50.0,1.1,0.1
Classical_ESN,NARMA10_Chaotic,0.007921071244525858,0.00010176735590986154,0.012847675872148169,0.008437561220103579,0.00011126034399436544,0.013186315463913115,0.5,1e-08,10,,,2025,50.0,1.1,0.1
Classical_ESN,NARMA10_Chaotic,0.007887824063886203,0.00013491375655065243,0.01710405245577734,0.008267764416566431,0.00013967287515267784,0.016893668967249482,0.7,1e-08,10,,,2025,50.0,1.1,0.1
Classical_ESN,NARMA10_Chaotic,0.007904438954015394,0.00017418431050208324,0.022036264877926467,0.008151158707375105,0.00010738322061115068,0.013173982309287045,0.9,1e-08,10,,,2025,50.0,1.1,0.1
Classical_ESN,NARMA10_Chaotic,0.008767461734249605,0.0026187097446313695,0.29868504979058247,0.01029678614769984,0.0010969502295161923,0.1065332632708154,0.1,1e-08,10,,,2025,50.0,1.1,0.2
Classical_ESN,NARMA10_Chaotic,0.008168611686419794,0.00018383697765355213,0.022505290337056737,0.008808718055121744,0.0005684644612916424,0.06453430087492859,0.3,1e-08,10,,,2025,50.0,1.1,0.2
Classical_ESN,NARMA10_Chaotic,0.008018489222783875,0.0002711148007223138,0.03381120722242333,0.008427575314103748,0.00017353328798655915,0.020591128707701616,0.5,1e-08,10,,,2025,50.0,1.1,0.2
Classical_ESN,NARMA10_Chaotic,0.008011726246747968,0.0004437918214826444,0.05539278400367006,0.008296463500912303,0.0007961198677944775,0.09595894295285382,0.7,1e-08,10,,,2025,50.0,1.1,0.2
Classical_ESN,NARMA10_Chaotic,0.007912885131456975,0.00021823902411750515,0.02758020879766284,0.008237785744013359,0.00018639101751645852,0.022626349277403136,0.9,1e-08,10,,,2025,50.0,1.1,0.2
Classical_ESN,NARMA10_Chaotic,0.008685989552188531,0.00041550763708745605,0.047836534293638926,0.01030104189577494,0.0007115139980720898,0.0690720419614955,0.1,1e-08,10,,,2025,50.0,1.25,0.1
Classical_ESN,NARMA10_Chaotic,0.008263819954948787,0.00015833247827047752,0.019159720218209757,0.008892846626742106,0.0004378123621754116,0.04923197043102543,0.3,1e-08,10,,,2025,50.0,1.25,0.1
Classical_ESN,NARMA10_Chaotic,0.00802517194222332,0.0003092627848658375,0.038536592996680184,0.008415626695942098,0.00023520383342454893,0.027948463248489985,0.5,1e-08,10,,,2025,50.0,1.25,0.1
Classical_ESN,NARMA10_Chaotic,0.007969885531568705,0.0002900347212340811,0.03639132834282926,0.008244816106109748,0.00018682139031761728,0.022659254968606872,0.7,1e-08,10,,,2025,50.0,1.25,0.1
Classical_ESN,NARMA10_Chaotic,0.008050735572467813,0.0003100541851420427,0.03851252874363143,0.008464324785634456,0.00036472531475580404,0.043089711700903914,0.9,1e-08,10,,,2025,50.0,1.25,0.1
Classical_ESN,NARMA10_Chaotic,0.008796905323443167,0.007637413637587337,0.8681932289567944,0.01032429342339396,0.003875317417418559,0.37535909320800814,0.1,1e-08,10,,,2025,50.0,1.25,0.2
Classical_ESN,NARMA10_Chaotic,0.008296922086045998,0.0003279885485680016,0.03953135212871556,0.00886664595660169,0.001765564534252822,0.19912428475146965,0.3,1e-08,10,,,2025,50.0,1.25,0.2
Classical_ESN,NARMA10_Chaotic,0.008045530851435919,0.00026557029829573655,0.03300842457752047,0.008552706454834233,0.0005037732833149209,0.05890220668454883,0.5,1e-08,10,,,2025,50.0,1.25,0.2
Classical_ESN,NARMA10_Chaotic,0.007974802840601616,0.0005923169381191267,0.07427355258283007,0.008299154760620743,0.0011597153621053548,0.13973897289012752,0.7,1e-08,10,,,2025,50.0,1.25,0.2
Classical_ESN,NARMA10_Chaotic,0.008017040289184308,0.0003431047406465443,0.04279693356529875,0.008314522710326821,0.0006054495356388391,0.07281831522173335,0.9,1e-08,10,,,2025,50.0,1.25,0.2
Classical_ESN,NARMA10_Chaotic,0.012776680125502201,0.008256435642983576,0.6462113445654606,0.02083747157972269,0.027361115206553318,1.3130727066319745,0.1,1e-08,10,,,2025,100.0,0.9,0.1
Classical_ESN,NARMA10_Chaotic,0.008048477674705361,0.00017641495008539172,0.021919045714672982,0.009091714169221249,0.0006060862819742848,0.066663587382246,0.3,1e-08,10,,,2025,100.0,0.9,0.1
Classical_ESN,NARMA10_Chaotic,0.007965257711167082,0.0001253325072492994,0.015734896696887348,0.008692983620574505,0.0002093891194230565,0.0240871406829153,0.5,1e-08,10,,,2025,100.0,0.9,0.1
Classical_ESN,NARMA10_Chaotic,0.008087860379187154,0.00014656972065460328,0.018122187300831448,0.008786832681765763,0.00014539696517386634,0.016547141665231756,0.7,1e-08,10,,,2025,100.0,0.9,0.1
Classical_ESN,NARMA10_Chaotic,0.007948337754876722,0.00011995566740020358,0.015091918725598254,0.008545720441058493,0.00022027978433481957,0.025776619520160103,0.9,1e-08,10,,,2025,100.0,0.9,0.1
Classical_ESN,NARMA10_Chaotic,0.01353717892808856,0.005412198373923107,0.3998025292177552,0.019706974460469175,0.010370541209239992,0.5262371060581916,0.1,1e-08,10,,,2025,100.0,0.9,0.2
Classical_ESN,NARMA10_Chaotic,0.008042963472640788,0.00013931125276370096,0.017320885919423448,0.009094560570902502,0.00029295119266252385,0.03221169295411628,0.3,1e-08,10,,,2025,100.0,0.9,0.2
Classical_ESN,NARMA10_Chaotic,0.00794257455592552,0.00017472106775724661,0.02199803936708366,0.008729059678094593,0.0001689236757461178,0.019351875456875212,0.5,1e-08,10,,,2025,100.0,0.9,0.2
Classical_ESN,NARMA10_Chaotic,0.008001457737340302,0.00017258629361323124,0.021569356394626066,0.008820098448209485,0.0001475517807953052,0.01672904011919037,0.7,1e-08,10,,,2025,100.0,0.9,0.2
Classical_ESN,NARMA10_Chaotic,0.007916688335907425,0.00016249225672046254,0.020525281509877372,0.008596322837122907,0.00023010814036350806,0.02676820597869992,0.9,1e-08,10,,,2025,100.0,0.9,0.2
Classical_ESN,NARMA10_Chaotic,0.023152293867868257,0.02144770705864103,0.9263750357111299,0.04851998075765678,0.04532573017521405,0.9341662850528099,0.1,1e-08,10,,,2025,100.0,1.1,0.1
Classical_ESN,NARMA10_Chaotic,0.008345253941149296,0.0019460424608899263,0.23319152114643982,0.009401648191578463,0.002822689208583818,0.30023344322884205,0.3,1e-08,10,,,2025,100.0,1.1,0.1
Classical_ESN,NARMA10_Chaotic,0.008159663855451417,0.0002996343873477476,0.03672141311894409,0.008871848279749827,0.00029045989494197043,0.03273950204997881,0.5,1e-08,10,,,2025,100.0,1.1,0.1
Classical_ESN,NARMA10_Chaotic,0.008251620467789328,0.00021322764488852555,0.02584069949907074,0.008647455177383308,0.00012067551779127213,0.013955032470927263,0.7,1e-08,10,,,2025,100.0,1.1,0.1
Classical_ESN,NARMA10_Chaotic,0.008177653420482461,0.0002538475629096323,0.031041614245209223,0.0085112560538634,0.0002530800905393819,0.02973475230186556,0.9,1e-08,10,,,2025,100.0,1.1,0.1
Classical_ESN,NARMA10_Chaotic,0.01392702119923408,0.013283446122371015,0.9537894667024375,0.023401337926880608,0.013204176351139307,0.5642487789542988,0.1,1e-08,10,,,2025,100.0,1.1,0.2
Classical_ESN,NARMA10_Chaotic,0.008354043479293617,0.00018872190472366603,0.02259048629462287,0.00943858779933484,0.00041286382447663613,0.043742118339539275,0.3,1e-08,10,,,2025,100.0,1.1,0.2
Classical_ESN,NARMA10_Chaotic,0.008202296761552525,0.00017836645929546243,0.02174591635498218,0.008679167974290863,0.00019524961406010792,0.022496351567162856,0.5,1e-08,10,,,2025,100.0,1.1,0.2
Classical_ESN,NARMA10_Chaotic,0.00810533967805888,0.00021449849815389252,0.02646385058167754,0.008697941327859237,0.00015786302561056326,0.01814947004815184,0.7,1e-08,10,,,2025,100.0,1.1,0.2
Classical_ESN,NARMA10_Chaotic,0.008055042663779606,0.0002476164486297493,0.03074055085309283,0.008400158235463126,0.0003234453990869202,0.03850467931918519,0.9,1e-08,10,,,2025,100.0,1.1,0.2
Classical_ESN,NARMA10_Chaotic,0.017658214999445195,0.8343594481980692,47.25049775553667,0.033862771959718936,0.8659057668539916,25.571024365164778,0.1,1e-08,10,,,2025,100.0,1.25,0.1
Classical_ESN,NARMA10_Chaotic,0.008511840310573135,0.0009209749692919218,0.10819927720541424,0.009662022889399461,0.0008590135943933161,0.08890618499111294,0.3,1e-08,10,,,2025,100.0,1.25,0.1
Classical_ESN,NARMA10_Chaotic,0.008093618105218976,0.00032985885892625075,0.04075542663837192,0.008747061529089632,0.0006039537635575181,0.069046474813168,0.5,1e-08,10,,,2025,100.0,1.25,0.1
Classical_ESN,NARMA10_Chaotic,0.008249726588871296,0.0002606378645951945,0.03159351546835375,0.008727381676608347,0.00038718798166701747,0.044364735726498815,0.7,1e-08,10,,,2025,100.0,1.25,0.1
Classical_ESN,NARMA10_Chaotic,0.008100772779132456,0.0004139273799696456,0.05109727074877599,0.00871104788119585,0.0004733447657645183,0.05433844150785883,0.9,1e-08,10,,,2025,100.0,1.25,0.1
Classical_ESN,NARMA10_Chaotic,0.015408740593502166,21.398497675929644,1388.724636259588,0.024156745075666303,21.257367944153675,879.9764983887153,0.1,1e-08,10,,,2025,100.0,1.25,0.2
Classical_ESN,NARMA10_Chaotic,0.008439475599324654,0.0035423640661399985,0.4197374617000453,0.00958154480048605,0.003241798391592696,0.3383377585865117,0.3,1e-08,10,,,2025,100.0,1.25,0.2
Classical_ESN,NARMA10_Chaotic,0.008247531602876258,0.00046427452498250406,0.05629254270703154,0.008885609143255783,0.0005776397061508528,0.06500845320090226,0.5,1e-08,10,,,2025,100.0,1.25,0.2
Classical_ESN,NARMA10_Chaotic,0.00818735401831792,0.0004334666038268599,0.05294342993561124,0.008715611354721205,0.0004114623113825684,0.047209804870392856,0.7,1e-08,10,,,2025,100.0,1.25,0.2
Classical_ESN,NARMA10_Chaotic,0.008098249357031413,0.0004580254106401197,0.05655857092649697,0.008500083239540207,0.00048515768187587884,0.05707681539153049,0.9,1e-08,10,,,2025,100.0,1.25,0.2
Classical_ESN,NARMA10_Chaotic,0.03030000655948493,0.01979315010174861,0.6532391358691861,0.06369480274415386,0.11136832413562657,1.7484679964072636,0.1,1e-08,10,,,2025,150.0,0.9,0.1
Classical_ESN,NARMA10_Chaotic,0.008385698146318262,0.0003644988023169305,0.04346672107163356,0.009735139511440692,0.0003955036513779681,0.040626397897346414,0.3,1e-08,10,,,2025,150.0,0.9,0.1
Classical_ESN,NARMA10_Chaotic,0.0082312547054421,0.00019206923126793095,0.023334137764069462,0.009541860192492797,0.0003301663356315725,0.034601883591978834,0.5,1e-08,10,,,2025,150.0,0.9,0.1
Classical_ESN,NARMA10_Chaotic,0.008358523136879447,0.0002212373335248952,0.02646847175055993,0.009280718813680902,0.00035625395473007945,0.03838646142418602,0.7,1e-08,10,,,2025,150.0,0.9,0.1
Classical_ESN,NARMA10_Chaotic,0.008327616562188165,0.0002600814491386568,0.03123119889063645,0.00900954458611075,0.0003195891810036551,0.03547229029715205,0.9,1e-08,10,,,2025,150.0,0.9,0.1
Classical_ESN,NARMA10_Chaotic,0.033461898462098794,0.024003850211326134,0.7173487254022516,0.05770968761900773,0.036987083370949816,0.6409163677186056,0.1,1e-08,10,,,2025,150.0,0.9,0.2
Classical_ESN,NARMA10_Chaotic,0.008428326286413853,0.0002431833065602491,0.028853095893101754,0.009400690110510701,0.0004912765057868248,0.05225962136945026,0.3,1e-08,10,,,2025,150.0,0.9,0.2
Classical_ESN,NARMA10_Chaotic,0.008261887788807192,0.00020106043684405562,0.024335895376894685,0.00928722809597575,0.0002589624003554754,0.027883712737462152,0.5,1e-08,10,,,2025,150.0,0.9,0.2
Classical_ESN,NARMA10_Chaotic,0.00831679287418881,0.00021878511081060878,0.026306427744474555,0.009297193789763954,0.0002471020039320838,0.0265781277146378,0.7,1e-08,10,,,2025,150.0,0.9,0.2
Classical_ESN,NARMA10_Chaotic,0.008283887247377185,0.000269529059508531,0.032536543709460596,0.00907188719597736,0.00035814732895666536,0.03947881198472953,0.9,1e-08,10,,,2025,150.0,0.9,0.2
Classical_ESN,NARMA10_Chaotic,0.1326131237489303,0.3845199632107076,2.8995619161999358,0.18040990662936274,0.6441925642940447,3.570716133773547,0.1,1e-08,10,,,2025,150.0,1.1,0.1
Classical_ESN,NARMA10_Chaotic,0.009059669302718591,0.0006022783522882275,0.06647906586474388,0.011937227525316832,0.0020307676656766698,0.17012054611255056,0.3,1e-08,10,,,2025,150.0,1.1,0.1
Classical_ESN,NARMA10_Chaotic,0.008627741196158138,0.0003094098389192878,0.03586220679139813,0.009780274356618617,0.00047313728724601175,0.048376688627944774,0.5,1e-08,10,,,2025,150.0,1.1,0.1
Classical_ESN,NARMA10_Chaotic,0.008698327009333654,0.0003043206405781757,0.034986111726039666,0.00912827419706996,0.0003704831302490828,0.04058632795758944,0.7,1e-08,10,,,2025,150.0,1.1,0.1
Classical_ESN,NARMA10_Chaotic,0.008334209791290298,0.0001856078729100687,0.022270602439602494,0.008772833972174284,0.0003285627106454332,0.0374522887002729,0.9,1e-08,10,,,2025,150.0,1.1,0.1
Classical_ESN,NARMA10_Chaotic,0.14051449785005576,0.1727012064220814,1.2290632572759315,0.3170706077908329,0.3576769628971728,1.1280672320568021,0.1,1e-08,10,,,2025,150.0,1.1,0.2
Classical_ESN,NARMA10_Chaotic,0.0093835538023725,0.0009456909140838177,0.10078174367633647,0.010877549515753123,0.0017982904965832295,0.16532128803264953,0.3,1e-08,10,,,2025,150.0,1.1,0.2
Classical_ESN,NARMA10_Chaotic,0.00859631637874223,0.00042164586267864684,0.04904959800238762,0.009670646357763862,0.00045095443485066155,0.04663126105202088,0.5,1e-08,10,,,2025,150.0,1.1,0.2
Classical_ESN,NARMA10_Chaotic,0.008473968672186836,0.0002483957091781075,0.02931279531317942,0.009413878889919614,0.0002808898352099955,0.0298378424552256,0.7,1e-08,10,,,2025,150.0,1.1,0.2
Classical_ESN,NARMA10_Chaotic,0.008434970644029167,0.0004294220130195031,0.050909722290909995,0.00884760493067946,0.0005396364048436535,0.060992371276936255,0.9,1e-08,10,,,2025,150.0,1.1,0.2
Classical_ESN,NARMA10_Chaotic,0.6256101642425027,2.5407410719051216,4.061220896213356,0.8419103774604504,2.6630846693237866,3.16314508125764,0.1,1e-08,10,,,2025,150.0,1.25,0.1
Classical_ESN,NARMA10_Chaotic,0.009325862861448223,0.0028209131701706176,0.3024828063719302,0.01181564895326665,0.004821180245620458,0.4080334702468929,0.3,1e-08,10,,,2025,150.0,1.25,0.1
Classical_ESN,NARMA10_Chaotic,0.008922335510551153,0.0008527746024044406,0.0955775089824842,0.009908499002013661,0.0006098337007188875,0.06154652693560888,0.5,1e-08,10,,,2025,150.0,1.25,0.1
Classical_ESN,NARMA10_Chaotic,0.008726867661290728,0.00047433953973049895,0.05435392836704743,0.009333678547245466,0.0006899646575370672,0.07392205056608554,0.7,1e-08,10,,,2025,150.0,1.25,0.1
Classical_ESN,NARMA10_Chaotic,0.008454712452395787,0.0005724445462717473,0.0677071573391636,0.008588660606968387,0.0006813419336335481,0.07933040607993558,0.9,1e-08,10,,,2025,150.0,1.25,0.1
Classical_ESN,NARMA10_Chaotic,0.18209339768244964,11.982818047070035,65.80588972240893,0.41869563588461167,15.769349768728171,37.66303829609068,0.1,1e-08,10,,,2025,150.0,1.25,0.2
Classical_ESN,NARMA10_Chaotic,0.010520308871147323,0.009440114806617505,0.8973229704792864,0.013117709207841647,0.016099875610968487,1.2273389626097313,0.3,1e-08,10,,,2025,150.0,1.25,0.2
Classical_ESN,NARMA10_Chaotic,0.009085001788856604,0.0007495797893774109,0.08250739039994724,0.010068463599513792,0.0009757826623462741,0.09691475295132365,0.5,1e-08,10,,,2025,150.0,1.25,0.2
Classical_ESN,NARMA10_Chaotic,0.00875881462752377,0.0009639174484581429,0.11005113014141446,0.009210349931661348,0.0009869973581859914,0.1071617653519445,0.7,1e-08,10,,,2025,150.0,1.25,0.2
Classical_ESN,NARMA10_Chaotic,0.008661556013628117,0.00048383089762746534,0.055859581911864846,0.009089441808177117,0.0005644880651731679,0.06210371077631396,0.9,1e-08,10,,,2025,150.0,1.25,0.2
QRC,NARMA5_Chaotic,0.017347593581347992,3.3507157672765365e-17,1.9315161792118544e-15,0.017376497044750958,1.0033624007771708e-17,5.774250116080005e-16,0.1,1e-08,1,1.0,0.0,2025,,,
QRC,NARMA5_Chaotic,0.017347593581348002,2.1942709178604383e-17,1.2648849003585726e-15,0.017376497044750958,5.435578735728532e-18,3.1281211176970197e-16,0.1,1e-08,1,2.0,0.0,2025,,,
QRC,NARMA5_Chaotic,0.017347593581348002,1.790596449804855e-17,1.0321872260888624e-15,0.01737649704475096,6.188678632167465e-18,3.5615225647777626e-16,0.1,1e-08,1,4.0,0.0,2025,,,
QRC,NARMA5_Chaotic,0.01676096298791983,8.171946230528941e-05,0.004875582767182725,0.01552217769791026,0.00042021856596106234,0.027072139885219587,0.1,1e-08,2,1.0,0.0,2025,,,
QRC,NARMA5_Chaotic,0.016791308451772357,2.1244084401267004e-05,0.001265183381169122,0.0154976442596189,2.4646782750042606e-05,0.0015903567237159366,0.1,1e-08,2,2.0,0.0,2025,,,
QRC,NARMA5_Chaotic,0.01678990138769504,2.067843114869032e-05,0.001231599320996912,0.015493764970681148,2.349820585946673e-05,0.0015166233581012996,0.1,1e-08,2,4.0,0.0,2025,,,
QRC,NARMA5_Chaotic,0.016947171371908536,6.50336464653572e-05,0.0038374336954635586,0.015418079625445658,9.053419750855901e-05,0.005871950314690512,0.1,1e-08,4,1.0,0.0,2025,,,
QRC,NARMA5_Chaotic,0.016980880076508328,5.975614667467348e-05,0.003519025304073684,0.01549872860206602,0.00010020778782905714,0.006465548910618332,0.1,1e-08,4,2.0,0.0,2025,,,
QRC,NARMA5_Chaotic,0.016954899989400325,4.695062500441109e-05,0.0027691478589530554,0.015313026869090854,9.424422472874787e-05,0.006154513117127654,0.1,1e-08,4,4.0,0.0,2025,,,
QRC,NARMA5_Chaotic,0.01347885233380706,6.65719646787022e-05,0.004938993545595077,0.011983823944534344,7.436391242639874e-05,0.0062053575528631735,0.1,1e-08,6,1.0,0.0,2025,,,
QRC,NARMA5_Chaotic,0.013435549827591046,5.720706496303006e-05,0.004257887894215574,0.012041415283743187,6.855259785159389e-05,0.005693068151560642,0.1,1e-08,6,2.0,0.0,2025,,,
QRC,NARMA5_Chaotic,0.013442466722748125,6.915704050910113e-05,0.005144668901584079,0.012043283330364132,6.434765605431356e-05,0.005343032650579349,0.1,1e-08,6,4.0,0.0,2025,,,
QRC,NARMA5_Chaotic,0.013446626714256267,0.00015929690763609756,0.011846607407284472,0.011786926156259713,0.0002131373670909321,0.01808252331993619,0.1,1e-08,8,1.0,0.0,2025,,,
QRC,NARMA5_Chaotic,0.013394379675435062,0.00010571162691652979,0.00789223760099933,0.011723521922834873,0.00010204042528609048,0.008703905358622472,0.1,1e-08,8,2.0,0.0,2025,,,
QRC,NARMA5_Chaotic,0.013325914813892944,5.8865872958039215e-05,0.004417398263469954,0.011775235674801543,8.076709684943412e-05,0.006859064147843083,0.1,1e-08,8,4.0,0.0,2025,,,
QRC,NARMA5_Chaotic,0.0134225378860812,0.0001472390415761426,0.01096953816228937,0.011690680146002814,0.00010777852826564405,0.009219183736071578,0.1,1e-08,10,1.0,0.0,2025,,,
QRC,NARMA5_Chaotic,0.013275110100606993,0.00013798064485065755,0.0103939360054233,0.011759945006315838,0.0001380355440670232,0.011737771221964843,0.1,1e-08,10,2.0,0.0,2025,,,
QRC,NARMA5_Chaotic,0.01328084360854945,7.382386851232932e-05,0.005558673130132014,0.011754062047803193,0.0001314852470270024,0.011186366593289908,0.1,1e-08,10,4.0,0.0,2025,,,
QRC,NARMA5_Chaotic,0.01660984252528185,2.3922951143801364e-17,1.4402876551892789e-15,0.016602452467133155,1.3759002845636937e-17,8.287331569161112e-16,0.3,1e-08,1,1.0,0.0,2025,,,
QRC,NARMA5_Chaotic,0.016609842525281852,2.1155610518123408e-17,1.273679174617245e-15,0.016602452467133152,1.1169052557588456e-17,6.727351022205387e-16,0.3,1e-08,1,2.0,0.0,2025,,,
QRC,NARMA5_Chaotic,0.016609842525281863,3.212327053672557e-17,1.9339900717198675e-15,0.016602452467133155,2.0816681711721685e-17,1.2538317307597283e-15,0.3,1e-08,1,4.0,0.0,2025,,,
QRC,NARMA5_Chaotic,0.01664572118176955,4.090820042309877e-05,0.002457580538348892,0.015876000402589078,0.000347866648684599,0.021911478953343215,0.3,1e-08,2,1.0,0.0,2025,,,
QRC,NARMA5_Chaotic,0.01664742539445466,2.7920010707953828e-05,0.001677136857285699,0.01585218978407405,4.845732411552689e-05,0.0030568221031651846,0.3,1e-08,2,2.0,0.0,2025,,,
QRC,NARMA5_Chaotic,0.01664600140561501,2.7093392135901814e-05,0.0016276216417212784,0.01586384168635222,2.9831797530869853e-05,0.0018804901183888114,0.3,1e-08,2,4.0,0.0,2025,,,
QRC,NARMA5_Chaotic,0.016205057731936548,9.26312241918721e-05,0.005716192174330651,0.014568534010537934,8.878293203046911e-05,0.006094156897753012,0.3,1e-08,4,1.0,0.0,2025,,,
QRC,NARMA5_Chaotic,0.01617707560607093,6.373176296234433e-05,0.003939634363730555,0.014487466671780433,5.838955640605496e-05,0.004030349662152437,0.3,1e-08,4,2.0,0.0,2025,,,
QRC,NARMA5_Chaotic,0.016200965217319743,6.270403098996498e-05,0.0038703885940654225,0.014540414161543539,8.311691646963813e-05,0.005716268845317047,0.3,1e-08,4,4.0,0.0,2025,,,
QRC,NARMA5_Chaotic,0.013418848286346553,9.550574809263425e-05,0.007117283544356762,0.011826477503560053,0.000202637852436122,0.017134252559574323,0.3,1e-08,6,1.0,0.0,2025,,,
QRC,NARMA5_Chaotic,0.013313600859302539,9.356516793747868e-05,0.007027788269024334,0.011817816108875211,8.855699355766704e-05,0.007493515954369988,0.3,1e-08,6,2.0,0.0,2025,,,
QRC,NARMA5_Chaotic,0.013235825887026445,8.411186014354715e-05,0.006354862995439696,0.011845399517801261,7.504920189544411e-05,0.006335725678366542,0.3,1e-08,6,4.0,0.0,2025,,,
QRC,NARMA5_Chaotic,0.013265315100562764,0.00027040357625443686,0.020384255798263348,0.012004118203978077,0.0002503039933263127,0.020851510212833775,0.3,1e-08,8,1.0,0.0,2025,,,
QRC,NARMA5_Chaotic,0.013011893551643238,0.00011254054983629203,0.00864905245263704,0.011790173097186475,0.00012104581408331553,0.010266669800819216,0.3,1e-08,8,2.0,0.0,2025,,,
QRC,NARMA5_Chaotic,0.013042909535524061,0.00013207075507020626,0.010125866066194386,0.011731871532265495,0.00010276285558600062,0.008759289198094083,0.3,1e-08,8,4.0,0.0,2025,,,
QRC,NARMA5_Chaotic,0.013294789101776745,0.00022031861390976065,0.016571802096530946,0.012121173073988164,0.00026219251259320325,0.021630951970800914,0.3,1e-08,10,1.0,0.0,2025,,,
QRC,NARMA5_Chaotic,0.013224418433752673,0.0001995949727407489,0.015092911173418622,0.012018957330938579,0.00014631996748830196,0.012174098256564458,0.3,1e-08,10,2.0,0.0,2025,,,
QRC,NARMA5_Chaotic,0.013133288665132097,6.923000043958156e-05,0.005271337758940915,0.011972286619784804,0.00014954069543561747,0.012490570948117294,0.3,1e-08,10,4.0,0.0,2025,,,
QRC,NARMA5_Chaotic,0.016857357215262114,3.3277766121280743e-17,1.9740796671943404e-15,0.016584071178799262,1.7566630367061146e-17,1.0592471642016327e-15,0.5,1e-08,1,1.0,0.0,2025,,,
QRC,NARMA5_Chaotic,0.016857357215262107,1.53385087658788e-17,9.098999665257024e-16,0.01658407117879926,8.626177001981053e-18,5.201483344456808e-16,0.5,1e-08,1,2.0,0.0,2025,,,
QRC,NARMA5_Chaotic,0.016857357215262138,2.919662405256557e-17,1.731981097614271e-15,0.016584071178799276,1.5515838457795457e-17,9.355868224703819e-16,0.5,1e-08,1,4.0,0.0,2025,,,
QRC,NARMA5_Chaotic,0.01700497350330035,0.00010984320133233488,0.006459475006592416,0.016322715918803528,0.0003214040030343762,0.019690595893059902,0.5,1e-08,2,1.0,0.0,2025,,,
QRC,NARMA5_Chaotic,0.01699503328207543,2.8787955484297565e-05,0.0016939040369317823,0.016304661401335407,5.1529962215906935e-05,0.0031604435656472116,0.5,1e-08,2,2.0,0.0,2025,,,
QRC,NARMA5_Chaotic,0.01700751460798009,2.3720321237460796e-05,0.0013946965082323663,0.016299351901726208,3.473214189441748e-05,0.00213089097675958,0.5,1e-08,2,4.0,0.0,2025,,,
QRC,NARMA5_Chaotic,0.015845827637122025,0.0003487423738381658,0.0220084669494427,0.014041177178791357,0.0003218549943416234,0.02292222299051768,0.5,1e-08,4,1.0,0.0,2025,,,
QRC,NARMA5_Chaotic,0.015788554561701303,7.478717512220407e-05,0.004736796825189888,0.013971392377643695,6.198341815700137e-05,0.004436452465266387,0.5,1e-08,4,2.0,0.0,2025,,,
QRC,NARMA5_Chaotic,0.01582020419638272,7.983370819058905e-05,0.005046313385060034,0.014016047417572522,9.480238554730451e-05,0.006763845949068828,0.5,1e-08,4,4.0,0.0,2025,,,
QRC,NARMA5_Chaotic,0.013547185363619008,0.0001145994031437362,0.008459277707345255,0.011904401255456078,0.000204752695377929,0.01719974747021282,0.5,1e-08,6,1.0,0.0,2025,,,
QRC,NARMA5_Chaotic,0.013421189655797274,0.00012428683939539437,0.009260493487006851,0.01186841195525365,8.493997452310362e-05,0.007156810434567385,0.5,1e-08,6,2.0,0.0,2025,,,
QRC,NARMA5_Chaotic,0.013360042086392417,8.505986540113564e-05,0.006366736335941002,0.011867154879779455,8.851025320694409e-05,0.007458422351743083,0.5,1e-08,6,4.0,0.0,2025,,,
QRC,NARMA5_Chaotic,0.013199319317689355,0.0003663055179123382,0.02775184909887178,0.011900616425929034,0.00036316816441362267,0.030516752361024992,0.5,1e-08,8,1.0,0.0,2025,,,
QRC,NARMA5_Chaotic,0.013003167218162344,0.00012941730637658453,0.009952752602905792,0.011857023018535043,0.00011738018957549048,0.009899634114903914,0.5,1e-08,8,2.0,0.0,2025,,,
QRC,NARMA5_Chaotic,0.0130857178607552,0.0001723246633234475,0.013168911721706825,0.011820260403321929,9.481321499696475e-05,0.008021245874610236,0.5,1e-08,8,4.0,0.0,2025,,,
QRC,NARMA5_Chaotic,0.013151403383725484,0.00029774291842189944,0.022639630899798,0.012166103800185828,0.0003490411803843583,0.028689643464905087,0.5,1e-08,10,1.0,0.0,2025,,,
QRC,NARMA5_Chaotic,0.013011750537365134,0.00025117909683759537,0.019304020325036055,0.01217415242560819,0.00014283980672553145,0.011733039125177171,0.5,1e-08,10,2.0,0.0,2025,,,
QRC,NARMA5_Chaotic,0.012950398552574256,0.00010748456998959882,0.00829971136048421,0.012085480504252488,0.00017968976367808433,0.0148682349547341,0.5,1e-08,10,4.0,0.0,2025,,,
QRC,NARMA5_Chaotic,0.017042759077984207,4.051441183380454e-17,2.377221413998685e-15,0.01643627531429772,1.71569485499476e-17,1.0438465054806532e-15,0.7,1e-08,1,1.0,0.0,2025,,,
QRC,NARMA5_Chaotic,0.01704275907798419,4.5417119476842973e-17,2.664892419650099e-15,0.016436275314297717,2.0895384002683615e-17,1.2712967873266866e-15,0.7,1e-08,1,2.0,0.0,2025,,,
QRC,NARMA5_Chaotic,0.017042759077984172,2.2215299868541707e-17,1.3035037206645385e-15,0.016436275314297706,9.297741221497136e-18,5.656841981351547e-16,0.7,1e-08,1,4.0,0.0,2025,,,
QRC,NARMA5_Chaotic,0.017245655143688927,0.00020785614065223356,0.012052667116464915,0.01643419910150687,0.00041495905692172196,0.02524972798240432,0.7,1e-08,2,1.0,0.0,2025,,,
QRC,NARMA5_Chaotic,0.017239796756046432,5.796720910739952e-05,0.0033624067573226443,0.016413692450164958,6.919739650357408e-05,0.004215833622670239,0.7,1e-08,2,2.0,0.0,2025,,,
QRC,NARMA5_Chaotic,0.017264581660508607,3.937858101169659e-05,0.00228088822457668,0.01642257019392613,4.408225355576695e-05,0.002684248143574428,0.7,1e-08,2,4.0,0.0,2025,,,
QRC,NARMA5_Chaotic,0.01612820242358825,0.0007503838006700898,0.046526189401778495,0.014142921307023762,0.0007080874662595928,0.050066563398605435,0.7,1e-08,4,1.0,0.0,2025,,,
QRC,NARMA5_Chaotic,0.016108163734249413,9.81054644163448e-05,0.006090418872993669,0.014123934501618814,8.511058571795628e-05,0.006025982753474348,0.7,1e-08,4,2.0,0.0,2025,,,
QRC,NARMA5_Chaotic,0.01607855322578878,0.00010606779750695068,0.00659684960564897,0.01411859411973168,9.053165593522304e-05,0.006412228807448965,0.7,1e-08,4,4.0,0.0,2025,,,
QRC,NARMA5_Chaotic,0.013541584279749599,0.0001382702067472623,0.010210785081774722,0.011990794675476766,0.000218086893991682,0.018187859928725753,0.7,1e-08,6,1.0,0.0,2025,,,
QRC,NARMA5_Chaotic,0.013487026389314663,0.00015932813313163368,0.011813436745246101,0.011933153893440632,7.797201095726872e-05,0.006534065650500666,0.7,1e-08,6,2.0,0.0,2025,,,
QRC,NARMA5_Chaotic,0.013436774320212942,0.00011671094476498816,0.008685934732819013,0.011906759044897066,0.0001154674965787788,0.009697642838272203,0.7,1e-08,6,4.0,0.0,2025,,,
QRC,NARMA5_Chaotic,0.01340112584630359,0.000570242285777914,0.04255181932607573,0.011941849892804649,0.0007381072434711476,0.06180845096000421,0.7,1e-08,8,1.0,0.0,2025,,,
QRC,NARMA5_Chaotic,0.01317345710856957,0.00016085559183644653,0.012210583031526863,0.0119716343991098,0.0001159658325913752,0.009686716844610482,0.7,1e-08,8,2.0,0.0,2025,,,
QRC,NARMA5_Chaotic,0.013272744749619893,0.00016077848793114708,0.012113431770452111,0.011830347847335923,0.00010810420298749318,0.009137871885300243,0.7,1e-08,8,4.0,0.0,2025,,,
QRC,NARMA5_Chaotic,0.013067055380529102,0.00034684880712429635,0.026543761928270942,0.01221950420544369,0.0004558366613812736,0.03730402262787405,0.7,1e-08,10,1.0,0.0,2025,,,
QRC,NARMA5_Chaotic,0.012846634932515411,0.00030212476504437954,0.02351781354661898,0.012220101824618482,0.0001337628066688117,0.010946128648399198,0.7,1e-08,10,2.0,0.0,2025,,,
QRC,NARMA5_Chaotic,0.012879747822778342,0.00013805187105079243,0.010718522827492185,0.012110299118703123,0.00020828650229631459,0.017199121198801546,0.7,1e-08,10,4.0,0.0,2025,,,
QRC,NARMA5_Chaotic,0.017106934719531054,4.05009047783087e-17,2.367513844082696e-15,0.016098938023367208,1.3477767272949779e-17,8.371836237512769e-16,0.9,1e-08,1,1.0,0.0,2025,,,
QRC,NARMA5_Chaotic,0.01710693471953104,3.9640683017319287e-17,2.3172288704686175e-15,0.016098938023367204,1.1972905555943801e-17,7.437077861015074e-16,0.9,1e-08,1,2.0,0.0,2025,,,
QRC,NARMA5_Chaotic,0.017106934719531054,4.209081483127594e-17,2.460453349554242e-15,0.016098938023367204,1.3759002845636937e-17,8.546528240351065e-16,0.9,1e-08,1,4.0,0.0,2025,,,
QRC,NARMA5_Chaotic,0.01730838405080527,0.00032091976433914284,0.018541289781712007,0.016366035068444505,0.0005479448206288231,0.033480608976899986,0.9,1e-08,2,1.0,0.0,2025,,,
QRC,NARMA5_Chaotic,0.01731228357041761,8.08331980409161e-05,0.004669123961153221,0.01633849821511659,9.008636001758652e-05,0.005513747887442767,0.9,1e-08,2,2.0,0.0,2025,,,
QRC,NARMA5_Chaotic,0.01734555987720419,7.367480035910581e-05,0.004247473179342594,0.01635368029147681,5.99081253884292e-05,0.0036632809447578623,0.9,1e-08,2,4.0,0.0,2025,,,
QRC,NARMA5_Chaotic,0.01660702911225177,0.001336426828176686,0.0804735644854589,0.01468129572404008,0.001263529515078922,0.08606389645908018,0.9,1e-08,4,1.0,0.0,2025,,,
QRC,NARMA5_Chaotic,0.01669994506351665,0.0001086232260063822,0.0065044061877595465,0.01472735745419089,0.00012098077037934534,0.00821469640807275,0.9,1e-08,4,2.0,0.0,2025,,,
QRC,NARMA5_Chaotic,0.016647554210687636,0.00012164720141102463,0.007307211610275329,0.014637236302918038,9.714238788235666e-05,0.00663666185829019,0.9,1e-08,4,4.0,0.0,2025,,,
QRC,NARMA5_Chaotic,0.013527639720166386,0.00019807046810986232,0.014641908877465738,0.012174293127296497,0.0002838228710532985,0.02331329368248307,0.9,1e-08,6,1.0,0.0,2025,,,
QRC,NARMA5_Chaotic,0.013509971895298952,0.00018238814577097834,0.013500260932033745,0.011981965787197594,7.228040638970886e-05,0.006032433047583771,0.9,1e-08,6,2.0,0.0,2025,,,
QRC,NARMA5_Chaotic,0.013447433920094244,0.0001473915917767137,0.010960573790696919,0.011910398339031222,0.00015723635240770778,0.013201603164894415,0.9,1e-08,6,4.0,0.0,2025,,,
QRC,NARMA5_Chaotic,0.01349384900977474,0.0009389729474646531,0.06958525671841113,0.012002830420394682,0.0013514246117585845,0.11259216071755068,0.9,1e-08,8,1.0,0.0,2025,,,
QRC,NARMA5_Chaotic,0.013392398077627876,0.0001806383956390142,0.013488129205237134,0.012102480124273337,0.00013196115345700447,0.010903645542233662,0.9,1e-08,8,2.0,0.0,2025,,,
QRC,NARMA5_Chaotic,0.01341875100814862,0.00014359618892949755,0.010701159060355011,0.011908357208748567,0.00016063806265721904,0.01348952335249106,0.9,1e-08,8,4.0,0.0,2025,,,
QRC,NARMA5_Chaotic,0.012953423570061675,0.00039369716593501164,0.030393290530924648,0.012220755222564494,0.0005277579555490927,0.04318537978525553,0.9,1e-08,10,1.0,0.0,2025,,,
QRC,NARMA5_Chaotic,0.01280927558378415,0.00035529164163871144,0.02773705970449191,0.012176470917745555,0.00011376871528606436,0.009343324190941226,0.9,1e-08,10,2.0,0.0,2025,,,
QRC,NARMA5_Chaotic,0.01281836148061254,0.0001908090113722084,0.014885600758006582,0.012171033394946375,0.00025394611172087583,0.020864794588955664,0.9,1e-08,10,4.0,0.0,2025,,,
Classical_ESN,NARMA5_Chaotic,0.01300681353595321,0.0001788646319342657,0.013751610372506008,0.012088328763019225,0.00032577764525527095,0.026949767138356978,0.1,1e-08,10,,,2025,50.0,0.9,0.1
Classical_ESN,NARMA5_Chaotic,0.012903209438607996,0.00024112820685156286,0.01868745973618606,0.011895102214536437,0.00019436752472048926,0.01634013068697821,0.3,1e-08,10,,,2025,50.0,0.9,0.1
Classical_ESN,NARMA5_Chaotic,0.012373657037955952,0.00017184381472453933,0.013887876009284221,0.011757077342713767,0.00018002811312478885,0.015312318519054225,0.5,1e-08,10,,,2025,50.0,0.9,0.1
Classical_ESN,NARMA5_Chaotic,0.012334432687603324,0.00013884202027362704,0.011256457738276824,0.011804182742896912,0.0001913438471553114,0.016209834371672303,0.7,1e-08,10,,,2025,50.0,0.9,0.1
Classical_ESN,NARMA5_Chaotic,0.012135869997101121,0.00022700103965128928,0.018704966327549054,0.011534827764270313,0.00020623439148533522,0.017879277931150062,0.9,1e-08,10,,,2025,50.0,0.9,0.1
Classical_ESN,NARMA5_Chaotic,0.012953896723088013,0.00022428634761410785,0.017314199148612743,0.01204164319353895,0.0002874861477892945,0.02387432870819057,0.1,1e-08,10,,,2025,50.0,0.9,0.2
Classical_ESN,NARMA5_Chaotic,0.012708042523371125,0.00019056868115757884,0.014995911510927627,0.011830890084493674,0.00018304901399385652,0.015472125316570419,0.3,1e-08,10,,,2025,50.0,0.9,0.2
Classical_ESN,NARMA5_Chaotic,0.012435609068927383,0.0001827828843350887,0.014698345961341354,0.011728393715145126,0.00015608071346268364,0.01330793604422857,0.5,1e-08,10,,,2025,50.0,0.9,0.2
Classical_ESN,NARMA5_Chaotic,0.012349510168712937,0.00019242213101616483,0.015581357348379675,0.011717991010505859,8.598971497033262e-05,0.007338264288924428,0.7,1e-08,10,,,2025,50.0,0.9,0.2
Classical_ESN,NARMA5_Chaotic,0.012144338145053456,0.00026680143982425546,0.021969203808189997,0.011559179723034583,0.00021575767706362897,0.018665483384921973,0.9,1e-08,10,,,2025,50.0,0.9,0.2
Classical_ESN,NARMA5_Chaotic,0.012917717506569379,0.0002905134594922211,0.02248953496192178,0.012255511736375202,0.000559197035289253,0.04562820772546916,0.1,1e-08,10,,,2025,50.0,1.1,0.1
Classical_ESN,NARMA5_Chaotic,0.012878107808671787,0.00015496946600567505,0.01203355868020631,0.011842784263231152,0.00019690264154546602,0.01662638085511689,0.3,1e-08,10,,,2025,50.0,1.1,0.1
Classical_ESN,NARMA5_Chaotic,0.0126269535616715,0.00016498702810101903,0.013066257612749054,0.011715887531581372,0.00013600717050655348,0.011608780823470033,0.5,1e-08,10,,,2025,50.0,1.1,0.1
Classical_ESN,NARMA5_Chaotic,0.012444143543407908,0.00014246592051222332,0.011448431144760655,0.011776009414981534,0.00021308504971499775,0.01809484369500497,0.7,1e-08,10,,,2025,50.0,1.1,0.1
Classical_ESN,NARMA5_Chaotic,0.012191784808282004,0.00015321304715810847,0.012566908747768356,0.011540276315517172,0.00021389698446638606,0.018534823484146392,0.9,1e-08,10,,,2025,50.0,1.1,0.1
Classical_ESN,NARMA5_Chaotic,0.012964666728949146,0.0003757440936753048,0.028982163717043024,0.012299060692065756,0.0003540487748782184,0.028786651577922425,0.1,1e-08,10,,,2025,50.0,1.1,0.2
Classical_ESN,NARMA5_Chaotic,0.012846427141770013,0.00022492348182474666,0.01750864106747708,0.011906486178950442,0.00027102514427068295,0.022762815174625587,0.3,1e-08,10,,,2025,50.0,1.1,0.2
Classical_ESN,NARMA5_Chaotic,0.01274092300144125,0.0003708788734762433,0.029109262604780643,0.01183021928788247,0.0003684690077474446,0.03114642246106649,0.5,1e-08,10,,,2025,50.0,1.1,0.2
Classical_ESN,NARMA5_Chaotic,0.012470805570255764,0.00043823032296445933,0.035140498382052125,0.01173151098842401,0.00029176256418184414,0.024869990274035365,0.7,1e-08,10,,,2025,50.0,1.1,0.2
Classical_ESN,NARMA5_Chaotic,0.012134962266069802,0.00043907092034420754,0.036182306192404104,0.01143989312383423,0.00034591874041550014,0.030237934626749462,0.9,1e-08,10,,,2025,50.0,1.1,0.2
Classical_ESN,NARMA5_Chaotic,0.013092286895274108,0.00039229142239744023,0.029963552245333452,0.012230206689725475,0.0008930839163723607,0.07302279830827678,0.1,1e-08,10,,,2025,50.0,1.25,0.1
Classical_ESN,NARMA5_Chaotic,0.012907761402178319,0.00019766232581686565,0.015313447441281963,0.012094832754294777,0.00020788930779605348,0.017188274697079516,0.3,1e-08,10,,,2025,50.0,1.25,0.1
Classical_ESN,NARMA5_Chaotic,0.012643256891863464,0.00019377977569194963,0.015326729287344949,0.011829221416057094,0.00017137379710922154,0.014487326856237315,0.5,1e-08,10,,,2025,50.0,1.25,0.1
Classical_ESN,NARMA5_Chaotic,0.01255757225687973,0.0003061959305675024,0.024383369994128552,0.011717002558663033,0.00020841188135267358,0.017787132870307608,0.7,1e-08,10,,,2025,50.0,1.25,0.1
Classical_ESN,NARMA5_Chaotic,0.012541293868430975,0.0005161116098599609,0.04115297953101317,0.011841324909114197,0.0006469799917037628,0.05463746638737919,0.9,1e-08,10,,,2025,50.0,1.25,0.1
Classical_ESN,NARMA5_Chaotic,0.01309166168335235,0.012152979189632977,0.9282992093423081,0.012407933689260733,0.009592500938464085,0.7730941491705866,0.1,1e-08,10,,,2025,50.0,1.25,0.2
Classical_ESN,NARMA5_Chaotic,0.012950872451671966,0.0004521801730040814,0.03491503562338803,0.01188161873056707,0.001040043844631614,0.0875338510868019,0.3,1e-08,10,,,2025,50.0,1.25,0.2
Classical_ESN,NARMA5_Chaotic,0.012705586059141308,0.00037030345203208277,0.029144932812104323,0.011712649671477714,0.0004702507335153011,0.04014896259216574,0.5,1e-08,10,,,2025,50.0,1.25,0.2
Classical_ESN,NARMA5_Chaotic,0.01255723793152473,0.0010570195927535248,0.08417612205148199,0.011779509229877014,0.0010906189077827275,0.09258610749389551,0.7,1e-08,10,,,2025,50.0,1.25,0.2
Classical_ESN,NARMA5_Chaotic,0.012462953798660432,0.0013165842199206177,0.1056398219226432,0.0116949480923226,0.0010735678923132295,0.09179757651237429,0.9,1e-08,10,,,2025,50.0,1.25,0.2
Classical_ESN,NARMA5_Chaotic,0.015434750853005197,0.0012001834818233111,0.07775852640923138,0.013831623911849404,0.003755295335716796,0.2715006827578412,0.1,1e-08,10,,,2025,100.0,0.9,0.1
Classical_ESN,NARMA5_Chaotic,0.013288309222540965,0.0004169583415163173,0.03137783253937459,0.012637607797855539,0.00024645230694638604,0.019501499879447614,0.3,1e-08,10,,,2025,100.0,0.9,0.1
Classical_ESN,NARMA5_Chaotic,0.012785119759487654,0.00029800293752428364,0.02330857615182994,0.012605633426087667,0.00020667971301901853,0.01639582129933192,0.5,1e-08,10,,,2025,100.0,0.9,0.1
Classical_ESN,NARMA5_Chaotic,0.012401183757944847,0.0002709933878167906,0.021852219361170103,0.012298435120666681,0.00035104271792257315,0.028543689866092785,0.7,1e-08,10,,,2025,100.0,0.9,0.1
Classical_ESN,NARMA5_Chaotic,0.012382214818443746,0.0001893440874606303,0.015291617068264363,0.011985453319323136,0.0002006109885197216,0.016737872417081915,0.9,1e-08,10,,,2025,100.0,0.9,0.1
Classical_ESN,NARMA5_Chaotic,0.01592688382054825,0.0017287461120438742,0.10854264597657909,0.014286607237248755,0.0010283341752817224,0.07197889311330673,0.1,1e-08,10,,,2025,100.0,0.9,0.2
Classical_ESN,NARMA5_Chaotic,0.01326320201800644,0.0004021490382822194,0.030320659953475205,0.012463724768430707,0.00024813710626183527,0.019908744044985674,0.3,1e-08,10,,,2025,100.0,0.9,0.2
Classical_ESN,NARMA5_Chaotic,0.012879370650027368,0.00035498212069160905,0.02756207040992758,0.01241879346700674,0.00022598748123209687,0.018197217131638625,0.5,1e-08,10,,,2025,100.0,0.9,0.2
Classical_ESN,NARMA5_Chaotic,0.012355278828882724,0.00034242911505960165,0.027715207386425873,0.012133060126284945,0.00023070130602676443,0.01901427204889353,0.7,1e-08,10,,,2025,100.0,0.9,0.2
Classical_ESN,NARMA5_Chaotic,0.012285030190021782,0.0002977000516239279,0.024232748883737183,0.011901251904030958,0.00023707495777965015,0.019920169717553227,0.9,1e-08,10,,,2025,100.0,0.9,0.2
Classical_ESN,NARMA5_Chaotic,0.018433384120367213,0.11847386471294934,6.427135893188842,0.023062026109465363,0.13552470020319593,5.876530516439423,0.1,1e-08,10,,,2025,100.0,1.1,0.1
Classical_ESN,NARMA5_Chaotic,0.013259442423177708,0.0026258243775082474,0.19803429840445375,0.012371586993147773,0.0016460441587334172,0.13305036448800858,0.3,1e-08,10,,,2025,100.0,1.1,0.1
Classical_ESN,NARMA5_Chaotic,0.012788441827235184,0.0005657854727077461,0.04424193974146316,0.012283560070894328,0.0004055897161437373,0.03301890606655433,0.5,1e-08,10,,,2025,100.0,1.1,0.1
Classical_ESN,NARMA5_Chaotic,0.01275237978694931,0.0004099290738294834,0.03214529998934016,0.01209782455813934,0.00035765083733562515,0.029563235573208897,0.7,1e-08,10,,,2025,100.0,1.1,0.1
Classical_ESN,NARMA5_Chaotic,0.012477772023667875,0.0004907600113037571,0.03933074032550699,0.011971811727608863,0.00021174908198734663,0.01768730471253739,0.9,1e-08,10,,,2025,100.0,1.1,0.1
Classical_ESN,NARMA5_Chaotic,0.01690149863411374,0.010192796924319009,0.6030706001269032,0.016625133944492734,0.00998350979505446,0.6005070291997022,0.1,1e-08,10,,,2025,100.0,1.1,0.2
Classical_ESN,NARMA5_Chaotic,0.013392169522069246,0.00037581455092279494,0.028062260584700783,0.012547021241961958,0.0002596205502792798,0.020691807662763097,0.3,1e-08,10,,,2025,100.0,1.1,0.2
Classical_ESN,NARMA5_Chaotic,0.012903734009613282,0.0002911713242072532,0.02256488889110164,0.012640065253938126,0.00035818592344283794,0.028337347651843956,0.5,1e-08,10,,,2025,100.0,1.1,0.2
Classical_ESN,NARMA5_Chaotic,0.012801158252806784,0.0003554066985987107,0.02776363603822991,0.01233728253574098,0.00022301959076490932,0.01807688120287623,0.7,1e-08,10,,,2025,100.0,1.1,0.2
Classical_ESN,NARMA5_Chaotic,0.012444506869650672,0.00023030180323788246,0.018506302069673512,0.011871100799392676,0.00023119312512012615,0.019475289531022597,0.9,1e-08,10,,,2025,100.0,1.1,0.2
Classical_ESN,NARMA5_Chaotic,0.019658847380139895,0.3533406112180952,17.97361790269826,0.015194289425536318,0.4387936677461413,28.878854117961037,0.1,1e-08,10,,,2025,100.0,1.25,0.1
Classical_ESN,NARMA5_Chaotic,0.013487221172908919,0.0023038727536926875,0.17081893476473545,0.012450326844472382,0.0017010057556950103,0.1366233816142917,0.3,1e-08,10,,,2025,100.0,1.25,0.1
Classical_ESN,NARMA5_Chaotic,0.01269906984296334,0.0006526266745199266,0.05139169109157648,0.012568076543333093,0.0010319828261636137,0.08211143706878862,0.5,1e-08,10,,,2025,100.0,1.25,0.1
Classical_ESN,NARMA5_Chaotic,0.012730343225627423,0.0005794301856461372,0.045515676629966084,0.012167968592810644,0.0005066830540125476,0.04164072664618133,0.7,1e-08,10,,,2025,100.0,1.25,0.1
Classical_ESN,NARMA5_Chaotic,0.013048252099305225,0.000409615307030118,0.03139235078481727,0.012190068598102224,0.00020812205734356713,0.017073083360332197,0.9,1e-08,10,,,2025,100.0,1.25,0.1
Classical_ESN,NARMA5_Chaotic,0.018317996845803878,15.036054128660137,820.8350648397704,0.016471591879457216,14.850303238778435,901.5706160920126,0.1,1e-08,10,,,2025,100.0,1.25,0.2
Classical_ESN,NARMA5_Chaotic,0.01348590620332909,0.0009890250756861092,0.07333768015099805,0.012442926331739232,0.0020440100118913436,0.16427084412430484,0.3,1e-08,10,,,2025,100.0,1.25,0.2
Classical_ESN,NARMA5_Chaotic,0.013133245067038385,0.0005435480714750824,0.04138718714990486,0.01245444403445102,0.0005338012635726554,0.04286030449019436,0.5,1e-08,10,,,2025,100.0,1.25,0.2
Classical_ESN,NARMA5_Chaotic,0.012966124300902233,0.0004793005170330685,0.03696559634244112,0.012241913877557046,0.00034903257003938856,0.028511274750859485,0.7,1e-08,10,,,2025,100.0,1.25,0.2
Classical_ESN,NARMA5_Chaotic,0.012807215260979318,0.0005313844853627747,0.041491024749289784,0.01205458937711228,0.00038685660639975147,0.03209206006919369,0.9,1e-08,10,,,2025,100.0,1.25,0.2
Classical_ESN,NARMA5_Chaotic,0.02093194715460578,0.010430633442580628,0.4983116652043293,0.019396701961123634,0.019612950526963265,1.0111487285969054,0.1,1e-08,10,,,2025,150.0,0.9,0.1
Classical_ESN,NARMA5_Chaotic,0.013863668554774897,0.000495327130546427,0.035728431373658845,0.013499332046060986,0.0005986113573558173,0.04434377607079367,0.3,1e-08,10,,,2025,150.0,0.9,0.1
Classical_ESN,NARMA5_Chaotic,0.013517479395269838,0.0005791862505652387,0.042847207946765054,0.013326906523081663,0.00041329739496590555,0.031012252862289622,0.5,1e-08,10,,,2025,150.0,0.9,0.1
Classical_ESN,NARMA5_Chaotic,0.012996813205853351,0.00025236254186595554,0.019417263129726255,0.012643410585342383,0.0002735177091769645,0.021633222090727326,0.7,1e-08,10,,,2025,150.0,0.9,0.1
Classical_ESN,NARMA5_Chaotic,0.012954172961920958,0.0005214186662486855,0.04025101932646768,0.012394667782620035,0.00040359678551195164,0.03256213015066691,0.9,1e-08,10,,,2025,150.0,0.9,0.1
Classical_ESN,NARMA5_Chaotic,0.016751277479120953,0.003478001663081128,0.20762605523167782,0.01794588391816362,0.006332729054993824,0.3528791941300958,0.1,1e-08,10,,,2025,150.0,0.9,0.2
Classical_ESN,NARMA5_Chaotic,0.01377527220960411,0.00038721733770220873,0.028109596079868467,0.01351653450671184,0.00041214810100138454,0.030492142848947426,0.3,1e-08,10,,,2025,150.0,0.9,0.2
Classical_ESN,NARMA5_Chaotic,0.013592787278788878,0.0005681702365509537,0.041799391463851254,0.013298073796654519,0.0003381580785068272,0.02542910226531453,0.5,1e-08,10,,,2025,150.0,0.9,0.2
Classical_ESN,NARMA5_Chaotic,0.013118941934906914,0.00048134676784013984,0.03669097479266763,0.01277303607171254,0.0002889610641883875,0.022622739227075958,0.7,1e-08,10,,,2025,150.0,0.9,0.2
Classical_ESN,NARMA5_Chaotic,0.013237786288111304,0.0005142153541145905,0.038844512437581885,0.012372261346507131,0.00014896893317563936,0.012040558229696258,0.9,1e-08,10,,,2025,150.0,0.9,0.2
Classical_ESN,NARMA5_Chaotic,0.10573578825310895,0.05330058041313384,0.5040921460342604,0.15411132052771706,0.17483567904206201,1.134476548791999,0.1,1e-08,10,,,2025,150.0,1.1,0.1
Classical_ESN,NARMA5_Chaotic,0.015136546567804884,0.0006770057728310636,0.04472656756931866,0.014442926841427095,0.001369819142341766,0.09484359765727479,0.3,1e-08,10,,,2025,150.0,1.1,0.1
Classical_ESN,NARMA5_Chaotic,0.014099020270109473,0.0006696913529095911,0.047499141080700864,0.013234715422432212,0.0005034916751756558,0.03804325662509233,0.5,1e-08,10,,,2025,150.0,1.1,0.1
Classical_ESN,NARMA5_Chaotic,0.0136501856920088,0.001293922535740222,0.09479157023466138,0.01330130391377471,0.0008231005385286857,0.061881191788745626,0.7,1e-08,10,,,2025,150.0,1.1,0.1
Classical_ESN,NARMA5_Chaotic,0.013168935361608226,0.00037005383294693567,0.0281005125156711,0.01224416692933756,0.0005321581161169481,0.043462174208183484,0.9,1e-08,10,,,2025,150.0,1.1,0.1
Classical_ESN,NARMA5_Chaotic,0.041491505375888395,0.07806117550434057,1.8813772794491952,0.08192282701964643,0.16460978456818634,2.009327443359715,0.1,1e-08,10,,,2025,150.0,1.1,0.2
Classical_ESN,NARMA5_Chaotic,0.015000054516548853,0.0005989662708115468,0.03993093959430185,0.014228263623179553,0.0008682865130153169,0.06102547267965809,0.3,1e-08,10,,,2025,150.0,1.1,0.2
Classical_ESN,NARMA5_Chaotic,0.014157674873994892,0.001137568493746136,0.0803499518014533,0.013775688915004497,0.0008152184392465104,0.05917805231203889,0.5,1e-08,10,,,2025,150.0,1.1,0.2
Classical_ESN,NARMA5_Chaotic,0.01378952598862521,0.0018606526923514483,0.1349323170271607,0.012908709500208877,0.00484256240358148,0.37513915728780806,0.7,1e-08,10,,,2025,150.0,1.1,0.2
Classical_ESN,NARMA5_Chaotic,0.013293885995062824,0.00044314680603900724,0.033334632642673945,0.012321186852211443,0.0004647221625154498,0.037717321236146996,0.9,1e-08,10,,,2025,150.0,1.1,0.2
Classical_ESN,NARMA5_Chaotic,0.2262225800783885,2.025563573958506,8.953852322153814,0.2572484753234773,1.9981115749188154,7.7672436052586455,0.1,1e-08,10,,,2025,150.0,1.25,0.1
Classical_ESN,NARMA5_Chaotic,0.015536818462515338,0.00246678137062896,0.15877004526894625,0.014383415452438543,0.00565202284900377,0.39295415387904503,0.3,1e-08,10,,,2025,150.0,1.25,0.1
Classical_ESN,NARMA5_Chaotic,0.0144788123630057,0.00048306240743940993,0.033363399934214596,0.013493057035649887,0.0010163443754141993,0.07532350695093964,0.5,1e-08,10,,,2025,150.0,1.25,0.1
Classical_ESN,NARMA5_Chaotic,0.013726045829033131,0.0008022376827505489,0.05844637944116925,0.01316786260667048,0.021802442783192634,1.655731338823972,0.7,1e-08,10,,,2025,150.0,1.25,0.1
Classical_ESN,NARMA5_Chaotic,0.013578916844207641,0.000761023858931396,0.05604451869487852,0.01241233315374171,0.0009264746345657626,0.07464145725789482,0.9,1e-08,10,,,2025,150.0,1.25,0.1
Classical_ESN,NARMA5_Chaotic,1.0351768331778624,15.355522852656101,14.833719573801302,0.8995917986267951,14.598492313383447,16.227907297140426,0.1,1e-08,10,,,2025,150.0,1.25,0.2
Classical_ESN,NARMA5_Chaotic,0.0175265232978693,0.009643252602165116,0.5502090995615454,0.014708440024032573,0.007917346621701961,0.538285950703512,0.3,1e-08,10,,,2025,150.0,1.25,0.2
Classical_ESN,NARMA5_Chaotic,0.015367438475581285,0.0012983958278923512,0.08449006188998186,0.01486236866502833,0.002129175531593032,0.14325950187220532,0.5,1e-08,10,,,2025,150.0,1.25,0.2
Classical_ESN,NARMA5_Chaotic,0.013715346541335726,0.0007974286564985897,0.058141342188859406,0.01316611818714273,0.0008357709642079962,0.06347892008323014,0.7,1e-08,10,,,2025,150.0,1.25,0.2
Classical_ESN,NARMA5_Chaotic,0.013683898975015636,0.00045914307106237253,0.03355352680553153,0.012663643822068043,0.000693664179773156,0.05477603362188347,0.9,1e-08,10,,,2025,150.0,1.25,0.2
